CCY,DESCR,FWD,IS_NDF
EUR,Euro Member Countries,EUR,FALSE
GBP,United Kingdom Pound,GBP,FALSE
AUD,Australia Dollar,AUD,FALSE
NZD,New Zealand Dollar,NZD,FALSE
USD,United States Dollar,USD,FALSE
CHF,Switzerland Franc,CHF,FALSE
CAD,Canada Dollar,CAD,FALSE
SGD,Singapore Dollar,SGD,FALSE
ILS,Israel Shekel,ILS,FALSE
BRL,Brazil Real,BRL,FALSE
PLN,Poland Zloty,PZN,TRUE
MYR,Malaysia Ringgit,MRN,TRUE
DKK,Denmark Krone,DKK,FALSE
TRY,Turkey Lira,TRY,FALSE
CNH,China Yuan Renminbi Offshore,CNH,FALSE
HKD,Hong Kong Dollar,HKD,FALSE
CNY,China Yuan Renminbi,CCN,TRUE
NOK,Norway Krone,NOK,FALSE
SEK,Sweden Krona,SEK,FALSE
ZAR,South Africa Rand,ZAR,FALSE
MXN,Mexico Peso,MXN,FALSE
CZK,Czech Republic Koruna,CZK,FALSE
TWD,Taiwan New Dollar,NTN,TRUE
THB,Thailand Baht,THB,FALSE
PHP,Philippines Peso,PPN,TRUE
RUB,Russia Ruble,RRN,TRUE
INR,India Rupee,IRN,TRUE
JPY,Japan Yen,JPY,FALSE
HUF,Hungary Forint,HUF,FALSE
KRW,Korea (South) Won,KWN,TRUE
IDR,Indonesia Rupiah,IHN,TRUE
