TICKER,REGIONS,IS_MANDATED,Type,SUBTYPE1,SUBTYPE2,BarType,IN_DB,USE_PCT,BASE_TICKER
EURGBP CURNCY,G10::G10,TRUE,MACRO,FXOUTRIGHT,SPOT,OHLC,TRUE,TRUE,EURGBP CURNCY
EURAUD CURNCY,G10::G10,TRUE,MACRO,FXOUTRIGHT,SPOT,OHLC,TRUE,TRUE,EURAUD CURNCY
EURNZD CURNCY,G10::G10,TRUE,MACRO,FXOUTRIGHT,SPOT,OHLC,TRUE,TRUE,EURNZD CURNCY
EURUSD CURNCY,G10::G10,TRUE,MACRO,FXOUTRIGHT,SPOT,OHLC,TRUE,TRUE,EURUSD CURNCY
EURCHF CURNCY,G10::G10,TRUE,MACRO,FXOUTRIGHT,SPOT,OHLC,TRUE,TRUE,EURCHF CURNCY
EURCAD CURNCY,G10::G10,TRUE,MACRO,FXOUTRIGHT,SPOT,OHLC,TRUE,TRUE,EURCAD CURNCY
EURSGD CURNCY,G10::AEJ,TRUE,MACRO,FXOUTRIGHT,SPOT,OHLC,TRUE,TRUE,EURSGD CURNCY
EURHKD CURNCY,G10::AEJ,TRUE,MACRO,FXOUTRIGHT,SPOT,OHLC,TRUE,TRUE,EURHKD CURNCY
EURCNH CURNCY,G10::AEJ,TRUE,MACRO,FXOUTRIGHT,SPOT,OHLC,TRUE,TRUE,EURCNH CURNCY
EURCNY CURNCY,G10::AEJ,TRUE,MACRO,FXOUTRIGHT,SPOT,OHLC,TRUE,TRUE,EURCNY CURNCY
EURTWD CURNCY,G10::AEJ,TRUE,MACRO,FXOUTRIGHT,SPOT,OHLC,TRUE,TRUE,EURTWD CURNCY
EURTHB CURNCY,G10::AEJ,TRUE,MACRO,FXOUTRIGHT,SPOT,OHLC,TRUE,TRUE,EURTHB CURNCY
EURPHP CURNCY,G10::AEJ,TRUE,MACRO,FXOUTRIGHT,SPOT,OHLC,TRUE,TRUE,EURPHP CURNCY
EURINR CURNCY,G10::AEJ,TRUE,MACRO,FXOUTRIGHT,SPOT,OHLC,TRUE,TRUE,EURINR CURNCY
EURJPY CURNCY,G10::AEJ,TRUE,MACRO,FXOUTRIGHT,SPOT,OHLC,TRUE,TRUE,EURJPY CURNCY
EURKRW CURNCY,G10::AEJ,TRUE,MACRO,FXOUTRIGHT,SPOT,OHLC,TRUE,TRUE,EURKRW CURNCY
EURIDR CURNCY,G10::AEJ,TRUE,MACRO,FXOUTRIGHT,SPOT,OHLC,TRUE,TRUE,EURIDR CURNCY
GBPAUD CURNCY,G10::G10,TRUE,MACRO,FXOUTRIGHT,SPOT,OHLC,TRUE,TRUE,GBPAUD CURNCY
GBPNZD CURNCY,G10::G10,TRUE,MACRO,FXOUTRIGHT,SPOT,OHLC,TRUE,TRUE,GBPNZD CURNCY
GBPUSD CURNCY,G10::G10,TRUE,MACRO,FXOUTRIGHT,SPOT,OHLC,TRUE,TRUE,GBPUSD CURNCY
GBPCHF CURNCY,G10::G10,TRUE,MACRO,FXOUTRIGHT,SPOT,OHLC,TRUE,TRUE,GBPCHF CURNCY
GBPCAD CURNCY,G10::G10,TRUE,MACRO,FXOUTRIGHT,SPOT,OHLC,TRUE,TRUE,GBPCAD CURNCY
GBPSGD CURNCY,G10::AEJ,TRUE,MACRO,FXOUTRIGHT,SPOT,OHLC,TRUE,TRUE,GBPSGD CURNCY
GBPHKD CURNCY,G10::AEJ,TRUE,MACRO,FXOUTRIGHT,SPOT,OHLC,TRUE,TRUE,GBPHKD CURNCY
GBPCNH CURNCY,G10::AEJ,TRUE,MACRO,FXOUTRIGHT,SPOT,OHLC,TRUE,TRUE,GBPCNH CURNCY
GBPCNY CURNCY,G10::AEJ,TRUE,MACRO,FXOUTRIGHT,SPOT,OHLC,TRUE,TRUE,GBPCNY CURNCY
GBPTWD CURNCY,G10::AEJ,TRUE,MACRO,FXOUTRIGHT,SPOT,OHLC,TRUE,TRUE,GBPTWD CURNCY
GBPTHB CURNCY,G10::AEJ,TRUE,MACRO,FXOUTRIGHT,SPOT,OHLC,TRUE,TRUE,GBPTHB CURNCY
GBPPHP CURNCY,G10::AEJ,TRUE,MACRO,FXOUTRIGHT,SPOT,OHLC,TRUE,TRUE,GBPPHP CURNCY
GBPINR CURNCY,G10::AEJ,TRUE,MACRO,FXOUTRIGHT,SPOT,OHLC,TRUE,TRUE,GBPINR CURNCY
GBPJPY CURNCY,G10::AEJ,TRUE,MACRO,FXOUTRIGHT,SPOT,OHLC,TRUE,TRUE,GBPJPY CURNCY
GBPKRW CURNCY,G10::AEJ,TRUE,MACRO,FXOUTRIGHT,SPOT,OHLC,TRUE,TRUE,GBPKRW CURNCY
GBPIDR CURNCY,G10::AEJ,TRUE,MACRO,FXOUTRIGHT,SPOT,OHLC,TRUE,TRUE,GBPIDR CURNCY
AUDNZD CURNCY,G10::G10,TRUE,MACRO,FXOUTRIGHT,SPOT,OHLC,TRUE,TRUE,AUDNZD CURNCY
AUDUSD CURNCY,G10::G10,TRUE,MACRO,FXOUTRIGHT,SPOT,OHLC,TRUE,TRUE,AUDUSD CURNCY
AUDCHF CURNCY,G10::G10,TRUE,MACRO,FXOUTRIGHT,SPOT,OHLC,TRUE,TRUE,AUDCHF CURNCY
AUDCAD CURNCY,G10::G10,TRUE,MACRO,FXOUTRIGHT,SPOT,OHLC,TRUE,TRUE,AUDCAD CURNCY
AUDSGD CURNCY,G10::AEJ,TRUE,MACRO,FXOUTRIGHT,SPOT,OHLC,TRUE,TRUE,AUDSGD CURNCY
AUDHKD CURNCY,G10::AEJ,TRUE,MACRO,FXOUTRIGHT,SPOT,OHLC,TRUE,TRUE,AUDHKD CURNCY
AUDCNH CURNCY,G10::AEJ,TRUE,MACRO,FXOUTRIGHT,SPOT,OHLC,TRUE,TRUE,AUDCNH CURNCY
AUDCNY CURNCY,G10::AEJ,TRUE,MACRO,FXOUTRIGHT,SPOT,OHLC,TRUE,TRUE,AUDCNY CURNCY
AUDTWD CURNCY,G10::AEJ,TRUE,MACRO,FXOUTRIGHT,SPOT,OHLC,TRUE,TRUE,AUDTWD CURNCY
AUDTHB CURNCY,G10::AEJ,TRUE,MACRO,FXOUTRIGHT,SPOT,OHLC,TRUE,TRUE,AUDTHB CURNCY
AUDPHP CURNCY,G10::AEJ,TRUE,MACRO,FXOUTRIGHT,SPOT,OHLC,TRUE,TRUE,AUDPHP CURNCY
AUDINR CURNCY,G10::AEJ,TRUE,MACRO,FXOUTRIGHT,SPOT,OHLC,TRUE,TRUE,AUDINR CURNCY
AUDJPY CURNCY,G10::AEJ,TRUE,MACRO,FXOUTRIGHT,SPOT,OHLC,TRUE,TRUE,AUDJPY CURNCY
AUDKRW CURNCY,G10::AEJ,TRUE,MACRO,FXOUTRIGHT,SPOT,OHLC,TRUE,TRUE,AUDKRW CURNCY
AUDIDR CURNCY,G10::AEJ,TRUE,MACRO,FXOUTRIGHT,SPOT,OHLC,TRUE,TRUE,AUDIDR CURNCY
NZDUSD CURNCY,G10::G10,TRUE,MACRO,FXOUTRIGHT,SPOT,OHLC,TRUE,TRUE,NZDUSD CURNCY
NZDCHF CURNCY,G10::G10,TRUE,MACRO,FXOUTRIGHT,SPOT,OHLC,TRUE,TRUE,NZDCHF CURNCY
NZDCAD CURNCY,G10::G10,TRUE,MACRO,FXOUTRIGHT,SPOT,OHLC,TRUE,TRUE,NZDCAD CURNCY
NZDSGD CURNCY,G10::AEJ,TRUE,MACRO,FXOUTRIGHT,SPOT,OHLC,TRUE,TRUE,NZDSGD CURNCY
NZDHKD CURNCY,G10::AEJ,TRUE,MACRO,FXOUTRIGHT,SPOT,OHLC,TRUE,TRUE,NZDHKD CURNCY
NZDCNH CURNCY,G10::AEJ,TRUE,MACRO,FXOUTRIGHT,SPOT,OHLC,TRUE,TRUE,NZDCNH CURNCY
NZDCNY CURNCY,G10::AEJ,TRUE,MACRO,FXOUTRIGHT,SPOT,OHLC,TRUE,TRUE,NZDCNY CURNCY
NZDTWD CURNCY,G10::AEJ,TRUE,MACRO,FXOUTRIGHT,SPOT,OHLC,TRUE,TRUE,NZDTWD CURNCY
NZDTHB CURNCY,G10::AEJ,TRUE,MACRO,FXOUTRIGHT,SPOT,OHLC,TRUE,TRUE,NZDTHB CURNCY
NZDPHP CURNCY,G10::AEJ,TRUE,MACRO,FXOUTRIGHT,SPOT,OHLC,TRUE,TRUE,NZDPHP CURNCY
NZDINR CURNCY,G10::AEJ,TRUE,MACRO,FXOUTRIGHT,SPOT,OHLC,TRUE,TRUE,NZDINR CURNCY
NZDJPY CURNCY,G10::AEJ,TRUE,MACRO,FXOUTRIGHT,SPOT,OHLC,TRUE,TRUE,NZDJPY CURNCY
NZDKRW CURNCY,G10::AEJ,TRUE,MACRO,FXOUTRIGHT,SPOT,OHLC,TRUE,TRUE,NZDKRW CURNCY
NZDIDR CURNCY,G10::AEJ,TRUE,MACRO,FXOUTRIGHT,SPOT,OHLC,TRUE,TRUE,NZDIDR CURNCY
USDCHF CURNCY,G10::G10,TRUE,MACRO,FXOUTRIGHT,SPOT,OHLC,TRUE,TRUE,USDCHF CURNCY
USDCAD CURNCY,G10::G10,TRUE,MACRO,FXOUTRIGHT,SPOT,OHLC,TRUE,TRUE,USDCAD CURNCY
USDSGD CURNCY,G10::AEJ,TRUE,MACRO,FXOUTRIGHT,SPOT,OHLC,TRUE,TRUE,USDSGD CURNCY
USDHKD CURNCY,G10::AEJ,TRUE,MACRO,FXOUTRIGHT,SPOT,OHLC,TRUE,TRUE,USDHKD CURNCY
USDCNH CURNCY,G10::AEJ,TRUE,MACRO,FXOUTRIGHT,SPOT,OHLC,TRUE,TRUE,USDCNH CURNCY
USDCNY CURNCY,G10::AEJ,TRUE,MACRO,FXOUTRIGHT,SPOT,OHLC,TRUE,TRUE,USDCNY CURNCY
USDTWD CURNCY,G10::AEJ,TRUE,MACRO,FXOUTRIGHT,SPOT,OHLC,TRUE,TRUE,USDTWD CURNCY
USDTHB CURNCY,G10::AEJ,TRUE,MACRO,FXOUTRIGHT,SPOT,OHLC,TRUE,TRUE,USDTHB CURNCY
USDPHP CURNCY,G10::AEJ,TRUE,MACRO,FXOUTRIGHT,SPOT,OHLC,TRUE,TRUE,USDPHP CURNCY
USDINR CURNCY,G10::AEJ,TRUE,MACRO,FXOUTRIGHT,SPOT,OHLC,TRUE,TRUE,USDINR CURNCY
USDJPY CURNCY,G10::AEJ,TRUE,MACRO,FXOUTRIGHT,SPOT,OHLC,TRUE,TRUE,USDJPY CURNCY
USDKRW CURNCY,G10::AEJ,TRUE,MACRO,FXOUTRIGHT,SPOT,OHLC,TRUE,TRUE,USDKRW CURNCY
USDIDR CURNCY,G10::AEJ,TRUE,MACRO,FXOUTRIGHT,SPOT,OHLC,TRUE,TRUE,USDIDR CURNCY
CHFCAD CURNCY,G10::G10,TRUE,MACRO,FXOUTRIGHT,SPOT,OHLC,TRUE,TRUE,CHFCAD CURNCY
CHFSGD CURNCY,G10::AEJ,TRUE,MACRO,FXOUTRIGHT,SPOT,OHLC,TRUE,TRUE,CHFSGD CURNCY
CHFHKD CURNCY,G10::AEJ,TRUE,MACRO,FXOUTRIGHT,SPOT,OHLC,TRUE,TRUE,CHFHKD CURNCY
CHFCNH CURNCY,G10::AEJ,TRUE,MACRO,FXOUTRIGHT,SPOT,OHLC,TRUE,TRUE,CHFCNH CURNCY
CHFCNY CURNCY,G10::AEJ,TRUE,MACRO,FXOUTRIGHT,SPOT,OHLC,TRUE,TRUE,CHFCNY CURNCY
CHFTWD CURNCY,G10::AEJ,TRUE,MACRO,FXOUTRIGHT,SPOT,OHLC,TRUE,TRUE,CHFTWD CURNCY
CHFTHB CURNCY,G10::AEJ,TRUE,MACRO,FXOUTRIGHT,SPOT,OHLC,TRUE,TRUE,CHFTHB CURNCY
CHFPHP CURNCY,G10::AEJ,TRUE,MACRO,FXOUTRIGHT,SPOT,OHLC,TRUE,TRUE,CHFPHP CURNCY
CHFINR CURNCY,G10::AEJ,TRUE,MACRO,FXOUTRIGHT,SPOT,OHLC,TRUE,TRUE,CHFINR CURNCY
CHFJPY CURNCY,G10::AEJ,TRUE,MACRO,FXOUTRIGHT,SPOT,OHLC,TRUE,TRUE,CHFJPY CURNCY
CHFKRW CURNCY,G10::AEJ,TRUE,MACRO,FXOUTRIGHT,SPOT,OHLC,TRUE,TRUE,CHFKRW CURNCY
CHFIDR CURNCY,G10::AEJ,TRUE,MACRO,FXOUTRIGHT,SPOT,OHLC,TRUE,TRUE,CHFIDR CURNCY
CADSGD CURNCY,G10::AEJ,TRUE,MACRO,FXOUTRIGHT,SPOT,OHLC,TRUE,TRUE,CADSGD CURNCY
CADHKD CURNCY,G10::AEJ,TRUE,MACRO,FXOUTRIGHT,SPOT,OHLC,TRUE,TRUE,CADHKD CURNCY
CADCNH CURNCY,G10::AEJ,TRUE,MACRO,FXOUTRIGHT,SPOT,OHLC,TRUE,TRUE,CADCNH CURNCY
CADCNY CURNCY,G10::AEJ,TRUE,MACRO,FXOUTRIGHT,SPOT,OHLC,TRUE,TRUE,CADCNY CURNCY
CADTWD CURNCY,G10::AEJ,TRUE,MACRO,FXOUTRIGHT,SPOT,OHLC,TRUE,TRUE,CADTWD CURNCY
CADTHB CURNCY,G10::AEJ,TRUE,MACRO,FXOUTRIGHT,SPOT,OHLC,TRUE,TRUE,CADTHB CURNCY
CADPHP CURNCY,G10::AEJ,TRUE,MACRO,FXOUTRIGHT,SPOT,OHLC,TRUE,TRUE,CADPHP CURNCY
CADINR CURNCY,G10::AEJ,TRUE,MACRO,FXOUTRIGHT,SPOT,OHLC,TRUE,TRUE,CADINR CURNCY
CADJPY CURNCY,G10::AEJ,TRUE,MACRO,FXOUTRIGHT,SPOT,OHLC,TRUE,TRUE,CADJPY CURNCY
CADKRW CURNCY,G10::AEJ,TRUE,MACRO,FXOUTRIGHT,SPOT,OHLC,TRUE,TRUE,CADKRW CURNCY
CADIDR CURNCY,G10::AEJ,TRUE,MACRO,FXOUTRIGHT,SPOT,OHLC,TRUE,TRUE,CADIDR CURNCY
SGDHKD CURNCY,AEJ::AEJ,TRUE,MACRO,FXOUTRIGHT,SPOT,OHLC,TRUE,TRUE,SGDHKD CURNCY
SGDCNH CURNCY,AEJ::AEJ,TRUE,MACRO,FXOUTRIGHT,SPOT,OHLC,TRUE,TRUE,SGDCNH CURNCY
SGDCNY CURNCY,AEJ::AEJ,TRUE,MACRO,FXOUTRIGHT,SPOT,OHLC,TRUE,TRUE,SGDCNY CURNCY
SGDTWD CURNCY,AEJ::AEJ,TRUE,MACRO,FXOUTRIGHT,SPOT,OHLC,TRUE,TRUE,SGDTWD CURNCY
SGDTHB CURNCY,AEJ::AEJ,TRUE,MACRO,FXOUTRIGHT,SPOT,OHLC,TRUE,TRUE,SGDTHB CURNCY
SGDPHP CURNCY,AEJ::AEJ,TRUE,MACRO,FXOUTRIGHT,SPOT,OHLC,TRUE,TRUE,SGDPHP CURNCY
SGDINR CURNCY,AEJ::AEJ,TRUE,MACRO,FXOUTRIGHT,SPOT,OHLC,TRUE,TRUE,SGDINR CURNCY
SGDJPY CURNCY,AEJ::AEJ,TRUE,MACRO,FXOUTRIGHT,SPOT,OHLC,TRUE,TRUE,SGDJPY CURNCY
SGDKRW CURNCY,AEJ::AEJ,TRUE,MACRO,FXOUTRIGHT,SPOT,OHLC,TRUE,TRUE,SGDKRW CURNCY
SGDIDR CURNCY,AEJ::AEJ,TRUE,MACRO,FXOUTRIGHT,SPOT,OHLC,TRUE,TRUE,SGDIDR CURNCY
HKDCNH CURNCY,AEJ::AEJ,TRUE,MACRO,FXOUTRIGHT,SPOT,OHLC,TRUE,TRUE,HKDCNH CURNCY
HKDCNY CURNCY,AEJ::AEJ,TRUE,MACRO,FXOUTRIGHT,SPOT,OHLC,TRUE,TRUE,HKDCNY CURNCY
HKDTWD CURNCY,AEJ::AEJ,TRUE,MACRO,FXOUTRIGHT,SPOT,OHLC,TRUE,TRUE,HKDTWD CURNCY
HKDTHB CURNCY,AEJ::AEJ,TRUE,MACRO,FXOUTRIGHT,SPOT,OHLC,TRUE,TRUE,HKDTHB CURNCY
HKDPHP CURNCY,AEJ::AEJ,TRUE,MACRO,FXOUTRIGHT,SPOT,OHLC,TRUE,TRUE,HKDPHP CURNCY
HKDINR CURNCY,AEJ::AEJ,TRUE,MACRO,FXOUTRIGHT,SPOT,OHLC,TRUE,TRUE,HKDINR CURNCY
HKDJPY CURNCY,AEJ::AEJ,TRUE,MACRO,FXOUTRIGHT,SPOT,OHLC,TRUE,TRUE,HKDJPY CURNCY
HKDKRW CURNCY,AEJ::AEJ,TRUE,MACRO,FXOUTRIGHT,SPOT,OHLC,TRUE,TRUE,HKDKRW CURNCY
HKDIDR CURNCY,AEJ::AEJ,TRUE,MACRO,FXOUTRIGHT,SPOT,OHLC,TRUE,TRUE,HKDIDR CURNCY
CNHCNY CURNCY,AEJ::AEJ,TRUE,MACRO,FXOUTRIGHT,SPOT,OHLC,TRUE,TRUE,CNHCNY CURNCY
CNHTWD CURNCY,AEJ::AEJ,TRUE,MACRO,FXOUTRIGHT,SPOT,OHLC,TRUE,TRUE,CNHTWD CURNCY
CNHTHB CURNCY,AEJ::AEJ,TRUE,MACRO,FXOUTRIGHT,SPOT,OHLC,TRUE,TRUE,CNHTHB CURNCY
CNHPHP CURNCY,AEJ::AEJ,TRUE,MACRO,FXOUTRIGHT,SPOT,OHLC,TRUE,TRUE,CNHPHP CURNCY
CNHINR CURNCY,AEJ::AEJ,TRUE,MACRO,FXOUTRIGHT,SPOT,OHLC,TRUE,TRUE,CNHINR CURNCY
CNHJPY CURNCY,AEJ::AEJ,TRUE,MACRO,FXOUTRIGHT,SPOT,OHLC,TRUE,TRUE,CNHJPY CURNCY
CNHKRW CURNCY,AEJ::AEJ,TRUE,MACRO,FXOUTRIGHT,SPOT,OHLC,TRUE,TRUE,CNHKRW CURNCY
CNHIDR CURNCY,AEJ::AEJ,TRUE,MACRO,FXOUTRIGHT,SPOT,OHLC,TRUE,TRUE,CNHIDR CURNCY
CNYTWD CURNCY,AEJ::AEJ,TRUE,MACRO,FXOUTRIGHT,SPOT,OHLC,TRUE,TRUE,CNYTWD CURNCY
CNYTHB CURNCY,AEJ::AEJ,TRUE,MACRO,FXOUTRIGHT,SPOT,OHLC,TRUE,TRUE,CNYTHB CURNCY
CNYPHP CURNCY,AEJ::AEJ,TRUE,MACRO,FXOUTRIGHT,SPOT,OHLC,TRUE,TRUE,CNYPHP CURNCY
CNYINR CURNCY,AEJ::AEJ,TRUE,MACRO,FXOUTRIGHT,SPOT,OHLC,TRUE,TRUE,CNYINR CURNCY
CNYJPY CURNCY,AEJ::AEJ,TRUE,MACRO,FXOUTRIGHT,SPOT,OHLC,TRUE,TRUE,CNYJPY CURNCY
CNYKRW CURNCY,AEJ::AEJ,TRUE,MACRO,FXOUTRIGHT,SPOT,OHLC,TRUE,TRUE,CNYKRW CURNCY
CNYIDR CURNCY,AEJ::AEJ,TRUE,MACRO,FXOUTRIGHT,SPOT,OHLC,TRUE,TRUE,CNYIDR CURNCY
TWDTHB CURNCY,AEJ::AEJ,TRUE,MACRO,FXOUTRIGHT,SPOT,OHLC,TRUE,TRUE,TWDTHB CURNCY
TWDPHP CURNCY,AEJ::AEJ,TRUE,MACRO,FXOUTRIGHT,SPOT,OHLC,TRUE,TRUE,TWDPHP CURNCY
TWDINR CURNCY,AEJ::AEJ,TRUE,MACRO,FXOUTRIGHT,SPOT,OHLC,TRUE,TRUE,TWDINR CURNCY
TWDJPY CURNCY,AEJ::AEJ,TRUE,MACRO,FXOUTRIGHT,SPOT,OHLC,TRUE,TRUE,TWDJPY CURNCY
TWDKRW CURNCY,AEJ::AEJ,TRUE,MACRO,FXOUTRIGHT,SPOT,OHLC,TRUE,TRUE,TWDKRW CURNCY
TWDIDR CURNCY,AEJ::AEJ,TRUE,MACRO,FXOUTRIGHT,SPOT,OHLC,TRUE,TRUE,TWDIDR CURNCY
THBPHP CURNCY,AEJ::AEJ,TRUE,MACRO,FXOUTRIGHT,SPOT,OHLC,TRUE,TRUE,THBPHP CURNCY
THBINR CURNCY,AEJ::AEJ,TRUE,MACRO,FXOUTRIGHT,SPOT,OHLC,TRUE,TRUE,THBINR CURNCY
THBJPY CURNCY,AEJ::AEJ,TRUE,MACRO,FXOUTRIGHT,SPOT,OHLC,TRUE,TRUE,THBJPY CURNCY
THBKRW CURNCY,AEJ::AEJ,TRUE,MACRO,FXOUTRIGHT,SPOT,OHLC,TRUE,TRUE,THBKRW CURNCY
THBIDR CURNCY,AEJ::AEJ,TRUE,MACRO,FXOUTRIGHT,SPOT,OHLC,TRUE,TRUE,THBIDR CURNCY
PHPINR CURNCY,AEJ::AEJ,TRUE,MACRO,FXOUTRIGHT,SPOT,OHLC,TRUE,TRUE,PHPINR CURNCY
PHPJPY CURNCY,AEJ::AEJ,TRUE,MACRO,FXOUTRIGHT,SPOT,OHLC,TRUE,TRUE,PHPJPY CURNCY
PHPKRW CURNCY,AEJ::AEJ,TRUE,MACRO,FXOUTRIGHT,SPOT,OHLC,TRUE,TRUE,PHPKRW CURNCY
PHPIDR CURNCY,AEJ::AEJ,TRUE,MACRO,FXOUTRIGHT,SPOT,OHLC,TRUE,TRUE,PHPIDR CURNCY
INRJPY CURNCY,AEJ::AEJ,TRUE,MACRO,FXOUTRIGHT,SPOT,OHLC,TRUE,TRUE,INRJPY CURNCY
INRKRW CURNCY,AEJ::AEJ,TRUE,MACRO,FXOUTRIGHT,SPOT,OHLC,TRUE,TRUE,INRKRW CURNCY
INRIDR CURNCY,AEJ::AEJ,TRUE,MACRO,FXOUTRIGHT,SPOT,OHLC,TRUE,TRUE,INRIDR CURNCY
JPYKRW CURNCY,AEJ::AEJ,TRUE,MACRO,FXOUTRIGHT,SPOT,OHLC,TRUE,TRUE,JPYKRW CURNCY
JPYIDR CURNCY,AEJ::AEJ,TRUE,MACRO,FXOUTRIGHT,SPOT,OHLC,TRUE,TRUE,JPYIDR CURNCY
KRWIDR CURNCY,AEJ::AEJ,TRUE,MACRO,FXOUTRIGHT,SPOT,OHLC,TRUE,TRUE,KRWIDR CURNCY
XAUUSD CURNCY,G10::G10,TRUE,MACRO,COMDTY,SPOT,OHLC,TRUE,TRUE,XAUUSD CURNCY
XAGUSD CURNCY,G10::G10,TRUE,MACRO,COMDTY,SPOT,OHLC,TRUE,TRUE,XAGUSD CURNCY
CL1 COMDTY,G10::G10,TRUE,MACRO,COMDTY,FUT1,OHLC,TRUE,TRUE,CL1 COMDTY
CL3 COMDTY,G10::G10,TRUE,MACRO,COMDTY,FUT3,OHLC,TRUE,TRUE,CL3 COMDTY
XBTUSD CURNCY,G10::G10,TRUE,MACRO,COMDTY,SPOT,OHLC,TRUE,TRUE,XBTUSD CURNCY
XPTUSD CURNCY,G10::G10,TRUE,MACRO,COMDTY,SPOT,OHLC,TRUE,TRUE,XPTUSD CURNCY
XPDUSD CURNCY,G10::G10,TRUE,MACRO,COMDTY,SPOT,OHLC,TRUE,TRUE,XPDUSD CURNCY
KWN+1M CURNCY,AEJ::AEJ,TRUE,MACRO,FXPOINTS,NDF1M,OHLC,TRUE,TRUE,USDKRW CURNCY
IHN+1M CURNCY,AEJ::AEJ,TRUE,MACRO,FXOUTRIGHT,NDF1M,OHLC,TRUE,TRUE,USDIDR CURNCY
IRN+1M CURNCY,AEJ::AEJ,TRUE,MACRO,FXOUTRIGHT,NDF1M,OHLC,TRUE,TRUE,USDINR CURNCY
NTN+1M CURNCY,AEJ::AEJ,TRUE,MACRO,FXOUTRIGHT,NDF1M,OHLC,TRUE,TRUE,USDTWD CURNCY
PPN+1M CURNCY,AEJ::AEJ,TRUE,MACRO,FXOUTRIGHT,NDF1M,OHLC,TRUE,TRUE,USDPHP CURNCY
KWN+3M CURNCY,AEJ::AEJ,TRUE,MACRO,FXOUTRIGHT,NDF3M,OHLC,TRUE,TRUE,USDKRW CURNCY
IHN+3M CURNCY,AEJ::AEJ,TRUE,MACRO,FXOUTRIGHT,NDF3M,OHLC,TRUE,TRUE,USDIDR CURNCY
IRN+3M CURNCY,AEJ::AEJ,TRUE,MACRO,FXOUTRIGHT,NDF3M,OHLC,TRUE,TRUE,USDINR CURNCY
NTN+3M CURNCY,AEJ::AEJ,TRUE,MACRO,FXOUTRIGHT,NDF3M,OHLC,TRUE,TRUE,USDTWD CURNCY
PPN+3M CURNCY,AEJ::AEJ,TRUE,MACRO,FXOUTRIGHT,NDF3M,OHLC,TRUE,TRUE,USDPHP CURNCY
KWN+6M CURNCY,AEJ::AEJ,TRUE,MACRO,FXOUTRIGHT,NDF6M,OHLC,TRUE,TRUE,USDKRW CURNCY
IHN+6M CURNCY,AEJ::AEJ,TRUE,MACRO,FXOUTRIGHT,NDF6M,OHLC,TRUE,TRUE,USDIDR CURNCY
IRN+6M CURNCY,AEJ::AEJ,TRUE,MACRO,FXOUTRIGHT,NDF6M,OHLC,TRUE,TRUE,USDINR CURNCY
NTN+6M CURNCY,AEJ::AEJ,TRUE,MACRO,FXOUTRIGHT,NDF6M,OHLC,TRUE,TRUE,USDTWD CURNCY
PPN+6M CURNCY,AEJ::AEJ,TRUE,MACRO,FXOUTRIGHT,NDF6M,OHLC,TRUE,TRUE,USDPHP CURNCY
KWN+12M CURNCY,AEJ::AEJ,TRUE,MACRO,FXOUTRIGHT,NDF12M,OHLC,TRUE,TRUE,USDKRW CURNCY
IHN+12M CURNCY,AEJ::AEJ,TRUE,MACRO,FXOUTRIGHT,NDF12M,OHLC,TRUE,TRUE,USDIDR CURNCY
IRN+12M CURNCY,AEJ::AEJ,TRUE,MACRO,FXOUTRIGHT,NDF12M,OHLC,TRUE,TRUE,USDINR CURNCY
NTN+12M CURNCY,AEJ::AEJ,TRUE,MACRO,FXOUTRIGHT,NDF12M,OHLC,TRUE,TRUE,USDTWD CURNCY
PPN+12M CURNCY,AEJ::AEJ,TRUE,MACRO,FXOUTRIGHT,NDF12M,OHLC,TRUE,TRUE,USDPHP CURNCY
HKD+1M CURNCY,AEJ::AEJ,TRUE,MACRO,FXOUTRIGHT,DF1M,OHLC,TRUE,TRUE,USDHKD CURNCY
JPY+1M CURNCY,G10::G10,TRUE,MACRO,FXOUTRIGHT,DF1M,OHLC,TRUE,TRUE,USDJPY CURNCY
CNH+1M CURNCY,AEJ::AEJ,TRUE,MACRO,FXOUTRIGHT,DF1M,OHLC,TRUE,TRUE,USDCNH CURNCY
SGD+1M CURNCY,AEJ::AEJ,TRUE,MACRO,FXOUTRIGHT,DF1M,OHLC,TRUE,TRUE,USDSGD CURNCY
THB+1M CURNCY,AEJ::AEJ,TRUE,MACRO,FXOUTRIGHT,DF1M,OHLC,TRUE,TRUE,USDTHB CURNCY
HKD+3M CURNCY,AEJ::AEJ,TRUE,MACRO,FXOUTRIGHT,DF3M,OHLC,TRUE,TRUE,USDHKD CURNCY
JPY+3M CURNCY,G10::G10,TRUE,MACRO,FXOUTRIGHT,DF3M,OHLC,TRUE,TRUE,USDJPY CURNCY
CNH+3M CURNCY,AEJ::AEJ,TRUE,MACRO,FXOUTRIGHT,DF3M,OHLC,TRUE,TRUE,USDCNH CURNCY
SGD+3M CURNCY,AEJ::AEJ,TRUE,MACRO,FXOUTRIGHT,DF3M,OHLC,TRUE,TRUE,USDSGD CURNCY
THB+3M CURNCY,AEJ::AEJ,TRUE,MACRO,FXOUTRIGHT,DF3M,OHLC,TRUE,TRUE,USDTHB CURNCY
HKD+6M CURNCY,AEJ::AEJ,TRUE,MACRO,FXOUTRIGHT,DF6M,OHLC,TRUE,TRUE,USDHKD CURNCY
JPY+6M CURNCY,G10::G10,TRUE,MACRO,FXOUTRIGHT,DF6M,OHLC,TRUE,TRUE,USDJPY CURNCY
CNH+6M CURNCY,AEJ::AEJ,TRUE,MACRO,FXOUTRIGHT,DF6M,OHLC,TRUE,TRUE,USDCNH CURNCY
SGD+6M CURNCY,AEJ::AEJ,TRUE,MACRO,FXOUTRIGHT,DF6M,OHLC,TRUE,TRUE,USDSGD CURNCY
THB+6M CURNCY,AEJ::AEJ,TRUE,MACRO,FXOUTRIGHT,DF6M,OHLC,TRUE,TRUE,USDTHB CURNCY
HKD+12M CURNCY,AEJ::AEJ,TRUE,MACRO,FXOUTRIGHT,DF12M,OHLC,TRUE,TRUE,USDHKD CURNCY
JPY+12M CURNCY,G10::G10,TRUE,MACRO,FXOUTRIGHT,DF12M,OHLC,TRUE,TRUE,USDJPY CURNCY
CNH+12M CURNCY,AEJ::AEJ,TRUE,MACRO,FXOUTRIGHT,DF12M,OHLC,TRUE,TRUE,USDCNH CURNCY
SGD+12M CURNCY,AEJ::AEJ,TRUE,MACRO,FXOUTRIGHT,DF12M,OHLC,TRUE,TRUE,USDSGD CURNCY
THB+12M CURNCY,AEJ::AEJ,TRUE,MACRO,FXOUTRIGHT,DF12M,OHLC,TRUE,TRUE,USDTHB CURNCY
KWN1M CURNCY,AEJ::AEJ,TRUE,MACRO,FXPOINTS,NDF1MPOINTS,OHLC,TRUE,FALSE,USDKRW CURNCY
IHN1M CURNCY,AEJ::AEJ,TRUE,MACRO,FXPOINTS,NDF1MPOINTS,OHLC,TRUE,FALSE,USDIDR CURNCY
IRN1M CURNCY,AEJ::AEJ,TRUE,MACRO,FXPOINTS,NDF1MPOINTS,OHLC,TRUE,FALSE,USDINR CURNCY
NTN1M CURNCY,AEJ::AEJ,TRUE,MACRO,FXPOINTS,NDF1MPOINTS,OHLC,TRUE,FALSE,USDTWD CURNCY
PPN1M CURNCY,AEJ::AEJ,TRUE,MACRO,FXPOINTS,NDF1MPOINTS,OHLC,TRUE,FALSE,USDPHP CURNCY
KWN3M CURNCY,AEJ::AEJ,TRUE,MACRO,FXPOINTS,NDF3MPOINTS,OHLC,TRUE,FALSE,USDKRW CURNCY
IHN3M CURNCY,AEJ::AEJ,TRUE,MACRO,FXPOINTS,NDF3MPOINTS,OHLC,TRUE,FALSE,USDIDR CURNCY
IRN3M CURNCY,AEJ::AEJ,TRUE,MACRO,FXPOINTS,NDF3MPOINTS,OHLC,TRUE,FALSE,USDINR CURNCY
NTN3M CURNCY,AEJ::AEJ,TRUE,MACRO,FXPOINTS,NDF3MPOINTS,OHLC,TRUE,FALSE,USDTWD CURNCY
PPN3M CURNCY,AEJ::AEJ,TRUE,MACRO,FXPOINTS,NDF3MPOINTS,OHLC,TRUE,FALSE,USDPHP CURNCY
KWN6M CURNCY,AEJ::AEJ,TRUE,MACRO,FXPOINTS,NDF6MPOINTS,OHLC,TRUE,FALSE,USDKRW CURNCY
IHN6M CURNCY,AEJ::AEJ,TRUE,MACRO,FXPOINTS,NDF6MPOINTS,OHLC,TRUE,FALSE,USDIDR CURNCY
IRN6M CURNCY,AEJ::AEJ,TRUE,MACRO,FXPOINTS,NDF6MPOINTS,OHLC,TRUE,FALSE,USDINR CURNCY
NTN6M CURNCY,AEJ::AEJ,TRUE,MACRO,FXPOINTS,NDF6MPOINTS,OHLC,TRUE,FALSE,USDTWD CURNCY
PPN6M CURNCY,AEJ::AEJ,TRUE,MACRO,FXPOINTS,NDF6MPOINTS,OHLC,TRUE,FALSE,USDPHP CURNCY
KWN12M CURNCY,AEJ::AEJ,TRUE,MACRO,FXPOINTS,NDF12MPOINTS,OHLC,TRUE,FALSE,USDKRW CURNCY
IHN12M CURNCY,AEJ::AEJ,TRUE,MACRO,FXPOINTS,NDF12MPOINTS,OHLC,TRUE,FALSE,USDIDR CURNCY
IRN12M CURNCY,AEJ::AEJ,TRUE,MACRO,FXPOINTS,NDF12MPOINTS,OHLC,TRUE,FALSE,USDINR CURNCY
NTN12M CURNCY,AEJ::AEJ,TRUE,MACRO,FXPOINTS,NDF12MPOINTS,OHLC,TRUE,FALSE,USDTWD CURNCY
PPN12M CURNCY,AEJ::AEJ,TRUE,MACRO,FXPOINTS,NDF12MPOINTS,OHLC,TRUE,FALSE,USDPHP CURNCY
AUD1M CURNCY,G10::G10,TRUE,MACRO,FXPOINTS,DF1MPOINTS,OHLC,TRUE,FALSE,AUDUSD CURNCY
NZD1M CURNCY,G10::G10,TRUE,MACRO,FXPOINTS,DF1MPOINTS,OHLC,TRUE,FALSE,NZDUSD CURNCY
EUR1M CURNCY,G10::G10,TRUE,MACRO,FXPOINTS,DF1MPOINTS,OHLC,TRUE,FALSE,EURUSD CURNCY
HKD1M CURNCY,AEJ::AEJ,TRUE,MACRO,FXPOINTS,DF1MPOINTS,OHLC,TRUE,FALSE,USDHKD CURNCY
JPY1M CURNCY,G10::G10,TRUE,MACRO,FXPOINTS,DF1MPOINTS,OHLC,TRUE,FALSE,USDJPY CURNCY
CHF1M CURNCY,G10::G10,TRUE,MACRO,FXPOINTS,DF1MPOINTS,OHLC,TRUE,FALSE,USDCHF CURNCY
GBP1M CURNCY,G10::G10,TRUE,MACRO,FXPOINTS,DF1MPOINTS,OHLC,TRUE,FALSE,GBPUSD CURNCY
CNH1M CURNCY,AEJ::AEJ,TRUE,MACRO,FXPOINTS,DF1MPOINTS,OHLC,TRUE,FALSE,USDCNH CURNCY
SGD1M CURNCY,AEJ::AEJ,TRUE,MACRO,FXPOINTS,DF1MPOINTS,OHLC,TRUE,FALSE,USDSGD CURNCY
THB1M CURNCY,AEJ::AEJ,TRUE,MACRO,FXPOINTS,DF1MPOINTS,OHLC,TRUE,FALSE,USDTHB CURNCY
AUD3M CURNCY,G10::G10,TRUE,MACRO,FXPOINTS,DF3MPOINTS,OHLC,TRUE,FALSE,AUDUSD CURNCY
NZD3M CURNCY,G10::G10,TRUE,MACRO,FXPOINTS,DF3MPOINTS,OHLC,TRUE,FALSE,NZDUSD CURNCY
EUR3M CURNCY,G10::G10,TRUE,MACRO,FXPOINTS,DF3MPOINTS,OHLC,TRUE,FALSE,EURUSD CURNCY
HKD3M CURNCY,AEJ::AEJ,TRUE,MACRO,FXPOINTS,DF3MPOINTS,OHLC,TRUE,FALSE,USDHKD CURNCY
JPY3M CURNCY,G10::G10,TRUE,MACRO,FXPOINTS,DF3MPOINTS,OHLC,TRUE,FALSE,USDJPY CURNCY
CHF3M CURNCY,G10::G10,TRUE,MACRO,FXPOINTS,DF3MPOINTS,OHLC,TRUE,FALSE,USDCHF CURNCY
GBP3M CURNCY,G10::G10,TRUE,MACRO,FXPOINTS,DF3MPOINTS,OHLC,TRUE,FALSE,GBPUSD CURNCY
CNH3M CURNCY,AEJ::AEJ,TRUE,MACRO,FXPOINTS,DF3MPOINTS,OHLC,TRUE,FALSE,USDCNH CURNCY
SGD3M CURNCY,AEJ::AEJ,TRUE,MACRO,FXPOINTS,DF3MPOINTS,OHLC,TRUE,FALSE,USDSGD CURNCY
THB3M CURNCY,AEJ::AEJ,TRUE,MACRO,FXPOINTS,DF3MPOINTS,OHLC,TRUE,FALSE,USDTHB CURNCY
AUD6M CURNCY,G10::G10,TRUE,MACRO,FXPOINTS,DF6MPOINTS,OHLC,TRUE,FALSE,AUDUSD CURNCY
NZD6M CURNCY,G10::G10,TRUE,MACRO,FXPOINTS,DF6MPOINTS,OHLC,TRUE,FALSE,NZDUSD CURNCY
EUR6M CURNCY,G10::G10,TRUE,MACRO,FXPOINTS,DF6MPOINTS,OHLC,TRUE,FALSE,EURUSD CURNCY
HKD6M CURNCY,AEJ::AEJ,TRUE,MACRO,FXPOINTS,DF6MPOINTS,OHLC,TRUE,FALSE,USDHKD CURNCY
JPY6M CURNCY,G10::G10,TRUE,MACRO,FXPOINTS,DF6MPOINTS,OHLC,TRUE,FALSE,USDJPY CURNCY
CHF6M CURNCY,G10::G10,TRUE,MACRO,FXPOINTS,DF6MPOINTS,OHLC,TRUE,FALSE,USDCHF CURNCY
GBP6M CURNCY,G10::G10,TRUE,MACRO,FXPOINTS,DF6MPOINTS,OHLC,TRUE,FALSE,GBPUSD CURNCY
CNH6M CURNCY,AEJ::AEJ,TRUE,MACRO,FXPOINTS,DF6MPOINTS,OHLC,TRUE,FALSE,USDCNH CURNCY
SGD6M CURNCY,AEJ::AEJ,TRUE,MACRO,FXPOINTS,DF6MPOINTS,OHLC,TRUE,FALSE,USDSGD CURNCY
THB6M CURNCY,AEJ::AEJ,TRUE,MACRO,FXPOINTS,DF6MPOINTS,OHLC,TRUE,FALSE,USDTHB CURNCY
AUD12M CURNCY,G10::G10,TRUE,MACRO,FXPOINTS,DF12MPOINTS,OHLC,TRUE,FALSE,AUDUSD CURNCY
NZD12M CURNCY,G10::G10,TRUE,MACRO,FXPOINTS,DF12MPOINTS,OHLC,TRUE,FALSE,NZDUSD CURNCY
EUR12M CURNCY,G10::G10,TRUE,MACRO,FXPOINTS,DF12MPOINTS,OHLC,TRUE,FALSE,EURUSD CURNCY
HKD12M CURNCY,AEJ::AEJ,TRUE,MACRO,FXPOINTS,DF12MPOINTS,OHLC,TRUE,FALSE,USDHKD CURNCY
JPY12M CURNCY,G10::G10,TRUE,MACRO,FXPOINTS,DF12MPOINTS,OHLC,TRUE,FALSE,USDJPY CURNCY
CHF12M CURNCY,G10::G10,TRUE,MACRO,FXPOINTS,DF12MPOINTS,OHLC,TRUE,FALSE,USDCHF CURNCY
GBP12M CURNCY,G10::G10,TRUE,MACRO,FXPOINTS,DF12MPOINTS,OHLC,TRUE,FALSE,GBPUSD CURNCY
CNH12M CURNCY,AEJ::AEJ,TRUE,MACRO,FXPOINTS,DF12MPOINTS,OHLC,TRUE,FALSE,USDCNH CURNCY
SGD12M CURNCY,AEJ::AEJ,TRUE,MACRO,FXPOINTS,DF12MPOINTS,OHLC,TRUE,FALSE,USDSGD CURNCY
THB12M CURNCY,AEJ::AEJ,TRUE,MACRO,FXPOINTS,DF12MPOINTS,OHLC,TRUE,FALSE,USDTHB CURNCY
USSW1 CURNCY,G10::G10,TRUE,MACRO,IRS,SA1Y,OHLC,TRUE,FALSE,USSW1 CURNCY
SDSW1 CURNCY,AEJ::AEJ,TRUE,MACRO,IRS,SA1Y,OHLC,TRUE,FALSE,SDSW1 CURNCY
HDSW1 CURNCY,AEJ::AEJ,TRUE,MACRO,IRS,SA1Y,OHLC,TRUE,FALSE,HDSW1 CURNCY
ADSW1 CURNCY,G10::G10,TRUE,MACRO,IRS,SA1Y,OHLC,TRUE,FALSE,ADSW1 CURNCY
EUSA1 CURNCY,G10::G10,TRUE,MACRO,IRS,SA1Y,OHLC,TRUE,FALSE,EUSA1 CURNCY
SFSW1 CURNCY,G10::G10,TRUE,MACRO,IRS,SA1Y,OHLC,TRUE,FALSE,SFSW1 CURNCY
NDSW1 CURNCY,G10::G10,TRUE,MACRO,IRS,SA1Y,OHLC,TRUE,FALSE,NDSW1 CURNCY
BPSW1 CURNCY,G10::G10,TRUE,MACRO,IRS,SA1Y,OHLC,TRUE,FALSE,BPSW1 CURNCY
JYSW1 CURNCY,G10::G10,TRUE,MACRO,IRS,SA1Y,OHLC,TRUE,FALSE,JYSW1 CURNCY
USSW5 CURNCY,G10::G10,TRUE,MACRO,IRS,SA5Y,OHLC,TRUE,FALSE,USSW5 CURNCY
SDSW5 CURNCY,AEJ::AEJ,TRUE,MACRO,IRS,SA5Y,OHLC,TRUE,FALSE,SDSW5 CURNCY
HDSW5 CURNCY,AEJ::AEJ,TRUE,MACRO,IRS,SA5Y,OHLC,TRUE,FALSE,HDSW5 CURNCY
ADSW5 CURNCY,G10::G10,TRUE,MACRO,IRS,SA5Y,OHLC,TRUE,FALSE,ADSW5 CURNCY
EUSA5 CURNCY,G10::G10,TRUE,MACRO,IRS,SA5Y,OHLC,TRUE,FALSE,EUSA5 CURNCY
SFSW5 CURNCY,G10::G10,TRUE,MACRO,IRS,SA5Y,OHLC,TRUE,FALSE,SFSW5 CURNCY
NDSW5 CURNCY,G10::G10,TRUE,MACRO,IRS,SA5Y,OHLC,TRUE,FALSE,NDSW5 CURNCY
BPSW5 CURNCY,G10::G10,TRUE,MACRO,IRS,SA5Y,OHLC,TRUE,FALSE,BPSW5 CURNCY
JYSW5 CURNCY,G10::G10,TRUE,MACRO,IRS,SA5Y,OHLC,TRUE,FALSE,JYSW5 CURNCY
USSW10 CURNCY,G10::G10,TRUE,MACRO,IRS,SA10Y,OHLC,TRUE,FALSE,USSW10 CURNCY
SDSW10 CURNCY,AEJ::AEJ,TRUE,MACRO,IRS,SA10Y,OHLC,TRUE,FALSE,SDSW10 CURNCY
HDSW10 CURNCY,AEJ::AEJ,TRUE,MACRO,IRS,SA10Y,OHLC,TRUE,FALSE,HDSW10 CURNCY
ADSW10 CURNCY,G10::G10,TRUE,MACRO,IRS,SA10Y,OHLC,TRUE,FALSE,ADSW10 CURNCY
EUSA10 CURNCY,G10::G10,TRUE,MACRO,IRS,SA10Y,OHLC,TRUE,FALSE,EUSA10 CURNCY
SFSW10 CURNCY,G10::G10,TRUE,MACRO,IRS,SA10Y,OHLC,TRUE,FALSE,SFSW10 CURNCY
NDSW10 CURNCY,G10::G10,TRUE,MACRO,IRS,SA10Y,OHLC,TRUE,FALSE,NDSW10 CURNCY
BPSW10 CURNCY,G10::G10,TRUE,MACRO,IRS,SA10Y,OHLC,TRUE,FALSE,BPSW10 CURNCY
JYSW10 CURNCY,G10::G10,TRUE,MACRO,IRS,SA10Y,OHLC,TRUE,FALSE,JYSW10 CURNCY
USDCHFV1M CURNCY,G10::G10,TRUE,MACRO,FXVOL,ATM1M,OHLC,TRUE,FALSE,USDCHF CURNCY
USDCADV1M CURNCY,G10::G10,TRUE,MACRO,FXVOL,ATM1M,OHLC,TRUE,FALSE,USDCAD CURNCY
USDSGDV1M CURNCY,AEJ::AEJ,TRUE,MACRO,FXVOL,ATM1M,OHLC,TRUE,FALSE,USDSGD CURNCY
USDHKDV1M CURNCY,AEJ::AEJ,TRUE,MACRO,FXVOL,ATM1M,OHLC,TRUE,FALSE,USDHKD CURNCY
USDCNHV1M CURNCY,AEJ::AEJ,TRUE,MACRO,FXVOL,ATM1M,OHLC,TRUE,FALSE,USDCNH CURNCY
USDCNYV1M CURNCY,AEJ::AEJ,TRUE,MACRO,FXVOL,ATM1M,OHLC,TRUE,FALSE,USDCNY CURNCY
USDTWDV1M CURNCY,AEJ::AEJ,TRUE,MACRO,FXVOL,ATM1M,OHLC,TRUE,FALSE,USDTWD CURNCY
USDTHBV1M CURNCY,AEJ::AEJ,TRUE,MACRO,FXVOL,ATM1M,OHLC,TRUE,FALSE,USDTHB CURNCY
USDPHPV1M CURNCY,AEJ::AEJ,TRUE,MACRO,FXVOL,ATM1M,OHLC,TRUE,FALSE,USDPHP CURNCY
USDINRV1M CURNCY,AEJ::AEJ,TRUE,MACRO,FXVOL,ATM1M,OHLC,TRUE,FALSE,USDINR CURNCY
USDJPYV1M CURNCY,G10::G10,TRUE,MACRO,FXVOL,ATM1M,OHLC,TRUE,FALSE,USDJPY CURNCY
USDKRWV1M CURNCY,AEJ::AEJ,TRUE,MACRO,FXVOL,ATM1M,OHLC,TRUE,FALSE,USDKRW CURNCY
USDIDRV1M CURNCY,AEJ::AEJ,TRUE,MACRO,FXVOL,ATM1M,OHLC,TRUE,FALSE,USDIDR CURNCY
AUDUSDV1M CURNCY,G10::G10,TRUE,MACRO,FXVOL,ATM1M,OHLC,TRUE,FALSE,AUDUSD CURNCY
NZDUSDV1M CURNCY,G10::G10,TRUE,MACRO,FXVOL,ATM1M,OHLC,TRUE,FALSE,NZDUSD CURNCY
USDCHFV3M CURNCY,G10::G10,TRUE,MACRO,FXVOL,ATM3M,OHLC,TRUE,FALSE,USDCHF CURNCY
USDCADV3M CURNCY,G10::G10,TRUE,MACRO,FXVOL,ATM3M,OHLC,TRUE,FALSE,USDCAD CURNCY
USDSGDV3M CURNCY,AEJ::AEJ,TRUE,MACRO,FXVOL,ATM3M,OHLC,TRUE,FALSE,USDSGD CURNCY
USDHKDV3M CURNCY,AEJ::AEJ,TRUE,MACRO,FXVOL,ATM3M,OHLC,TRUE,FALSE,USDHKD CURNCY
USDCNHV3M CURNCY,AEJ::AEJ,TRUE,MACRO,FXVOL,ATM3M,OHLC,TRUE,FALSE,USDCNH CURNCY
USDCNYV3M CURNCY,AEJ::AEJ,TRUE,MACRO,FXVOL,ATM3M,OHLC,TRUE,FALSE,USDCNY CURNCY
USDTWDV3M CURNCY,AEJ::AEJ,TRUE,MACRO,FXVOL,ATM3M,OHLC,TRUE,FALSE,USDTWD CURNCY
USDTHBV3M CURNCY,AEJ::AEJ,TRUE,MACRO,FXVOL,ATM3M,OHLC,TRUE,FALSE,USDTHB CURNCY
USDPHPV3M CURNCY,AEJ::AEJ,TRUE,MACRO,FXVOL,ATM3M,OHLC,TRUE,FALSE,USDPHP CURNCY
USDINRV3M CURNCY,AEJ::AEJ,TRUE,MACRO,FXVOL,ATM3M,OHLC,TRUE,FALSE,USDINR CURNCY
USDJPYV3M CURNCY,G10::G10,TRUE,MACRO,FXVOL,ATM3M,OHLC,TRUE,FALSE,USDJPY CURNCY
USDKRWV3M CURNCY,AEJ::AEJ,TRUE,MACRO,FXVOL,ATM3M,OHLC,TRUE,FALSE,USDKRW CURNCY
USDIDRV3M CURNCY,AEJ::AEJ,TRUE,MACRO,FXVOL,ATM3M,OHLC,TRUE,FALSE,USDIDR CURNCY
AUDUSDV3M CURNCY,G10::G10,TRUE,MACRO,FXVOL,ATM3M,OHLC,TRUE,FALSE,AUDUSD CURNCY
NZDUSDV3M CURNCY,G10::G10,TRUE,MACRO,FXVOL,ATM3M,OHLC,TRUE,FALSE,NZDUSD CURNCY
USDCHFV6M CURNCY,G10::G10,TRUE,MACRO,FXVOL,ATM6M,OHLC,TRUE,FALSE,USDCHF CURNCY
USDCADV6M CURNCY,G10::G10,TRUE,MACRO,FXVOL,ATM6M,OHLC,TRUE,FALSE,USDCAD CURNCY
USDSGDV6M CURNCY,AEJ::AEJ,TRUE,MACRO,FXVOL,ATM6M,OHLC,TRUE,FALSE,USDSGD CURNCY
USDHKDV6M CURNCY,AEJ::AEJ,TRUE,MACRO,FXVOL,ATM6M,OHLC,TRUE,FALSE,USDHKD CURNCY
USDCNHV6M CURNCY,AEJ::AEJ,TRUE,MACRO,FXVOL,ATM6M,OHLC,TRUE,FALSE,USDCNH CURNCY
USDCNYV6M CURNCY,AEJ::AEJ,TRUE,MACRO,FXVOL,ATM6M,OHLC,TRUE,FALSE,USDCNY CURNCY
USDTWDV6M CURNCY,AEJ::AEJ,TRUE,MACRO,FXVOL,ATM6M,OHLC,TRUE,FALSE,USDTWD CURNCY
USDTHBV6M CURNCY,AEJ::AEJ,TRUE,MACRO,FXVOL,ATM6M,OHLC,TRUE,FALSE,USDTHB CURNCY
USDPHPV6M CURNCY,AEJ::AEJ,TRUE,MACRO,FXVOL,ATM6M,OHLC,TRUE,FALSE,USDPHP CURNCY
USDINRV6M CURNCY,AEJ::AEJ,TRUE,MACRO,FXVOL,ATM6M,OHLC,TRUE,FALSE,USDINR CURNCY
USDJPYV6M CURNCY,G10::G10,TRUE,MACRO,FXVOL,ATM6M,OHLC,TRUE,FALSE,USDJPY CURNCY
USDKRWV6M CURNCY,AEJ::AEJ,TRUE,MACRO,FXVOL,ATM6M,OHLC,TRUE,FALSE,USDKRW CURNCY
USDIDRV6M CURNCY,AEJ::AEJ,TRUE,MACRO,FXVOL,ATM6M,OHLC,TRUE,FALSE,USDIDR CURNCY
AUDUSDV6M CURNCY,G10::G10,TRUE,MACRO,FXVOL,ATM6M,OHLC,TRUE,FALSE,AUDUSD CURNCY
NZDUSDV6M CURNCY,G10::G10,TRUE,MACRO,FXVOL,ATM6M,OHLC,TRUE,FALSE,NZDUSD CURNCY
USDCHFV9M CURNCY,G10::G10,TRUE,MACRO,FXVOL,ATM9M,OHLC,TRUE,FALSE,USDCHF CURNCY
USDCADV9M CURNCY,G10::G10,TRUE,MACRO,FXVOL,ATM9M,OHLC,TRUE,FALSE,USDCAD CURNCY
USDSGDV9M CURNCY,AEJ::AEJ,TRUE,MACRO,FXVOL,ATM9M,OHLC,TRUE,FALSE,USDSGD CURNCY
USDHKDV9M CURNCY,AEJ::AEJ,TRUE,MACRO,FXVOL,ATM9M,OHLC,TRUE,FALSE,USDHKD CURNCY
USDCNHV9M CURNCY,AEJ::AEJ,TRUE,MACRO,FXVOL,ATM9M,OHLC,TRUE,FALSE,USDCNH CURNCY
USDCNYV9M CURNCY,AEJ::AEJ,TRUE,MACRO,FXVOL,ATM9M,OHLC,TRUE,FALSE,USDCNY CURNCY
USDTWDV9M CURNCY,AEJ::AEJ,TRUE,MACRO,FXVOL,ATM9M,OHLC,TRUE,FALSE,USDTWD CURNCY
USDTHBV9M CURNCY,AEJ::AEJ,TRUE,MACRO,FXVOL,ATM9M,OHLC,TRUE,FALSE,USDTHB CURNCY
USDPHPV9M CURNCY,AEJ::AEJ,TRUE,MACRO,FXVOL,ATM9M,OHLC,TRUE,FALSE,USDPHP CURNCY
USDINRV9M CURNCY,AEJ::AEJ,TRUE,MACRO,FXVOL,ATM9M,OHLC,TRUE,FALSE,USDINR CURNCY
USDJPYV9M CURNCY,G10::G10,TRUE,MACRO,FXVOL,ATM9M,OHLC,TRUE,FALSE,USDJPY CURNCY
USDKRWV9M CURNCY,AEJ::AEJ,TRUE,MACRO,FXVOL,ATM9M,OHLC,TRUE,FALSE,USDKRW CURNCY
USDIDRV9M CURNCY,AEJ::AEJ,TRUE,MACRO,FXVOL,ATM9M,OHLC,TRUE,FALSE,USDIDR CURNCY
AUDUSDV9M CURNCY,G10::G10,TRUE,MACRO,FXVOL,ATM9M,OHLC,TRUE,FALSE,AUDUSD CURNCY
NZDUSDV9M CURNCY,G10::G10,TRUE,MACRO,FXVOL,ATM9M,OHLC,TRUE,FALSE,NZDUSD CURNCY
USDCHFV1Y CURNCY,G10::G10,TRUE,MACRO,FXVOL,ATM1Y,OHLC,TRUE,FALSE,USDCHF CURNCY
USDCADV1Y CURNCY,G10::G10,TRUE,MACRO,FXVOL,ATM1Y,OHLC,TRUE,FALSE,USDCAD CURNCY
USDSGDV1Y CURNCY,AEJ::AEJ,TRUE,MACRO,FXVOL,ATM1Y,OHLC,TRUE,FALSE,USDSGD CURNCY
USDHKDV1Y CURNCY,AEJ::AEJ,TRUE,MACRO,FXVOL,ATM1Y,OHLC,TRUE,FALSE,USDHKD CURNCY
USDCNHV1Y CURNCY,AEJ::AEJ,TRUE,MACRO,FXVOL,ATM1Y,OHLC,TRUE,FALSE,USDCNH CURNCY
USDCNYV1Y CURNCY,AEJ::AEJ,TRUE,MACRO,FXVOL,ATM1Y,OHLC,TRUE,FALSE,USDCNY CURNCY
USDTWDV1Y CURNCY,AEJ::AEJ,TRUE,MACRO,FXVOL,ATM1Y,OHLC,TRUE,FALSE,USDTWD CURNCY
USDTHBV1Y CURNCY,AEJ::AEJ,TRUE,MACRO,FXVOL,ATM1Y,OHLC,TRUE,FALSE,USDTHB CURNCY
USDPHPV1Y CURNCY,AEJ::AEJ,TRUE,MACRO,FXVOL,ATM1Y,OHLC,TRUE,FALSE,USDPHP CURNCY
USDINRV1Y CURNCY,AEJ::AEJ,TRUE,MACRO,FXVOL,ATM1Y,OHLC,TRUE,FALSE,USDINR CURNCY
USDJPYV1Y CURNCY,G10::G10,TRUE,MACRO,FXVOL,ATM1Y,OHLC,TRUE,FALSE,USDJPY CURNCY
USDKRWV1Y CURNCY,AEJ::AEJ,TRUE,MACRO,FXVOL,ATM1Y,OHLC,TRUE,FALSE,USDKRW CURNCY
USDIDRV1Y CURNCY,AEJ::AEJ,TRUE,MACRO,FXVOL,ATM1Y,OHLC,TRUE,FALSE,USDIDR CURNCY
AUDUSDV1Y CURNCY,G10::G10,TRUE,MACRO,FXVOL,ATM1Y,OHLC,TRUE,FALSE,AUDUSD CURNCY
NZDUSDV1Y CURNCY,G10::G10,TRUE,MACRO,FXVOL,ATM1Y,OHLC,TRUE,FALSE,NZDUSD CURNCY
USDCHF25R1M CURNCY,G10::G10,TRUE,MACRO,FXVOL,25D1M,OHLC,TRUE,FALSE,USDCHF CURNCY
USDCAD25R1M CURNCY,G10::G10,TRUE,MACRO,FXVOL,25D1M,OHLC,TRUE,FALSE,USDCAD CURNCY
USDSGD25R1M CURNCY,AEJ::AEJ,TRUE,MACRO,FXVOL,25D1M,OHLC,TRUE,FALSE,USDSGD CURNCY
USDHKD25R1M CURNCY,AEJ::AEJ,TRUE,MACRO,FXVOL,25D1M,OHLC,TRUE,FALSE,USDHKD CURNCY
USDCNH25R1M CURNCY,AEJ::AEJ,TRUE,MACRO,FXVOL,25D1M,OHLC,TRUE,FALSE,USDCNH CURNCY
USDCNY25R1M CURNCY,AEJ::AEJ,TRUE,MACRO,FXVOL,25D1M,OHLC,TRUE,FALSE,USDCNY CURNCY
USDTWD25R1M CURNCY,AEJ::AEJ,TRUE,MACRO,FXVOL,25D1M,OHLC,TRUE,FALSE,USDTWD CURNCY
USDTHB25R1M CURNCY,AEJ::AEJ,TRUE,MACRO,FXVOL,25D1M,OHLC,TRUE,FALSE,USDTHB CURNCY
USDPHP25R1M CURNCY,AEJ::AEJ,TRUE,MACRO,FXVOL,25D1M,OHLC,TRUE,FALSE,USDPHP CURNCY
USDINR25R1M CURNCY,AEJ::AEJ,TRUE,MACRO,FXVOL,25D1M,OHLC,TRUE,FALSE,USDINR CURNCY
USDJPY25R1M CURNCY,G10::G10,TRUE,MACRO,FXVOL,25D1M,OHLC,TRUE,FALSE,USDJPY CURNCY
USDKRW25R1M CURNCY,AEJ::AEJ,TRUE,MACRO,FXVOL,25D1M,OHLC,TRUE,FALSE,USDKRW CURNCY
USDIDR25R1M CURNCY,AEJ::AEJ,TRUE,MACRO,FXVOL,25D1M,OHLC,TRUE,FALSE,USDIDR CURNCY
AUDUSD25R1M CURNCY,G10::G10,TRUE,MACRO,FXVOL,25D1M,OHLC,TRUE,FALSE,AUDUSD CURNCY
NZDUSD25R1M CURNCY,G10::G10,TRUE,MACRO,FXVOL,25D1M,OHLC,TRUE,FALSE,NZDUSD CURNCY
USDCHF25R3M CURNCY,G10::G10,TRUE,MACRO,FXVOL,25D3M,OHLC,TRUE,FALSE,USDCHF CURNCY
USDCAD25R3M CURNCY,G10::G10,TRUE,MACRO,FXVOL,25D3M,OHLC,TRUE,FALSE,USDCAD CURNCY
USDSGD25R3M CURNCY,AEJ::AEJ,TRUE,MACRO,FXVOL,25D3M,OHLC,TRUE,FALSE,USDSGD CURNCY
USDHKD25R3M CURNCY,AEJ::AEJ,TRUE,MACRO,FXVOL,25D3M,OHLC,TRUE,FALSE,USDHKD CURNCY
USDCNH25R3M CURNCY,AEJ::AEJ,TRUE,MACRO,FXVOL,25D3M,OHLC,TRUE,FALSE,USDCNH CURNCY
USDCNY25R3M CURNCY,AEJ::AEJ,TRUE,MACRO,FXVOL,25D3M,OHLC,TRUE,FALSE,USDCNY CURNCY
USDTWD25R3M CURNCY,AEJ::AEJ,TRUE,MACRO,FXVOL,25D3M,OHLC,TRUE,FALSE,USDTWD CURNCY
USDTHB25R3M CURNCY,AEJ::AEJ,TRUE,MACRO,FXVOL,25D3M,OHLC,TRUE,FALSE,USDTHB CURNCY
USDPHP25R3M CURNCY,AEJ::AEJ,TRUE,MACRO,FXVOL,25D3M,OHLC,TRUE,FALSE,USDPHP CURNCY
USDINR25R3M CURNCY,AEJ::AEJ,TRUE,MACRO,FXVOL,25D3M,OHLC,TRUE,FALSE,USDINR CURNCY
USDJPY25R3M CURNCY,G10::G10,TRUE,MACRO,FXVOL,25D3M,OHLC,TRUE,FALSE,USDJPY CURNCY
USDKRW25R3M CURNCY,AEJ::AEJ,TRUE,MACRO,FXVOL,25D3M,OHLC,TRUE,FALSE,USDKRW CURNCY
USDIDR25R3M CURNCY,AEJ::AEJ,TRUE,MACRO,FXVOL,25D3M,OHLC,TRUE,FALSE,USDIDR CURNCY
AUDUSD25R3M CURNCY,G10::G10,TRUE,MACRO,FXVOL,25D3M,OHLC,TRUE,FALSE,AUDUSD CURNCY
NZDUSD25R3M CURNCY,G10::G10,TRUE,MACRO,FXVOL,25D3M,OHLC,TRUE,FALSE,NZDUSD CURNCY
USDCHF25R6M CURNCY,G10::G10,TRUE,MACRO,FXVOL,25D6M,OHLC,TRUE,FALSE,USDCHF CURNCY
USDCAD25R6M CURNCY,G10::G10,TRUE,MACRO,FXVOL,25D6M,OHLC,TRUE,FALSE,USDCAD CURNCY
USDSGD25R6M CURNCY,AEJ::AEJ,TRUE,MACRO,FXVOL,25D6M,OHLC,TRUE,FALSE,USDSGD CURNCY
USDHKD25R6M CURNCY,AEJ::AEJ,TRUE,MACRO,FXVOL,25D6M,OHLC,TRUE,FALSE,USDHKD CURNCY
USDCNH25R6M CURNCY,AEJ::AEJ,TRUE,MACRO,FXVOL,25D6M,OHLC,TRUE,FALSE,USDCNH CURNCY
USDCNY25R6M CURNCY,AEJ::AEJ,TRUE,MACRO,FXVOL,25D6M,OHLC,TRUE,FALSE,USDCNY CURNCY
USDTWD25R6M CURNCY,AEJ::AEJ,TRUE,MACRO,FXVOL,25D6M,OHLC,TRUE,FALSE,USDTWD CURNCY
USDTHB25R6M CURNCY,AEJ::AEJ,TRUE,MACRO,FXVOL,25D6M,OHLC,TRUE,FALSE,USDTHB CURNCY
USDPHP25R6M CURNCY,AEJ::AEJ,TRUE,MACRO,FXVOL,25D6M,OHLC,TRUE,FALSE,USDPHP CURNCY
USDINR25R6M CURNCY,AEJ::AEJ,TRUE,MACRO,FXVOL,25D6M,OHLC,TRUE,FALSE,USDINR CURNCY
USDJPY25R6M CURNCY,G10::G10,TRUE,MACRO,FXVOL,25D6M,OHLC,TRUE,FALSE,USDJPY CURNCY
USDKRW25R6M CURNCY,AEJ::AEJ,TRUE,MACRO,FXVOL,25D6M,OHLC,TRUE,FALSE,USDKRW CURNCY
USDIDR25R6M CURNCY,AEJ::AEJ,TRUE,MACRO,FXVOL,25D6M,OHLC,TRUE,FALSE,USDIDR CURNCY
AUDUSD25R6M CURNCY,G10::G10,TRUE,MACRO,FXVOL,25D6M,OHLC,TRUE,FALSE,AUDUSD CURNCY
NZDUSD25R6M CURNCY,G10::G10,TRUE,MACRO,FXVOL,25D6M,OHLC,TRUE,FALSE,NZDUSD CURNCY
USDCHF25R9M CURNCY,G10::G10,TRUE,MACRO,FXVOL,25D9M,OHLC,TRUE,FALSE,USDCHF CURNCY
USDCAD25R9M CURNCY,G10::G10,TRUE,MACRO,FXVOL,25D9M,OHLC,TRUE,FALSE,USDCAD CURNCY
USDSGD25R9M CURNCY,AEJ::AEJ,TRUE,MACRO,FXVOL,25D9M,OHLC,TRUE,FALSE,USDSGD CURNCY
USDHKD25R9M CURNCY,AEJ::AEJ,TRUE,MACRO,FXVOL,25D9M,OHLC,TRUE,FALSE,USDHKD CURNCY
USDCNH25R9M CURNCY,AEJ::AEJ,TRUE,MACRO,FXVOL,25D9M,OHLC,TRUE,FALSE,USDCNH CURNCY
USDCNY25R9M CURNCY,AEJ::AEJ,TRUE,MACRO,FXVOL,25D9M,OHLC,TRUE,FALSE,USDCNY CURNCY
USDTWD25R9M CURNCY,AEJ::AEJ,TRUE,MACRO,FXVOL,25D9M,OHLC,TRUE,FALSE,USDTWD CURNCY
USDTHB25R9M CURNCY,AEJ::AEJ,TRUE,MACRO,FXVOL,25D9M,OHLC,TRUE,FALSE,USDTHB CURNCY
USDPHP25R9M CURNCY,AEJ::AEJ,TRUE,MACRO,FXVOL,25D9M,OHLC,TRUE,FALSE,USDPHP CURNCY
USDINR25R9M CURNCY,AEJ::AEJ,TRUE,MACRO,FXVOL,25D9M,OHLC,TRUE,FALSE,USDINR CURNCY
USDJPY25R9M CURNCY,G10::G10,TRUE,MACRO,FXVOL,25D9M,OHLC,TRUE,FALSE,USDJPY CURNCY
USDKRW25R9M CURNCY,AEJ::AEJ,TRUE,MACRO,FXVOL,25D9M,OHLC,TRUE,FALSE,USDKRW CURNCY
USDIDR25R9M CURNCY,AEJ::AEJ,TRUE,MACRO,FXVOL,25D9M,OHLC,TRUE,FALSE,USDIDR CURNCY
AUDUSD25R9M CURNCY,G10::G10,TRUE,MACRO,FXVOL,25D9M,OHLC,TRUE,FALSE,AUDUSD CURNCY
NZDUSD25R9M CURNCY,G10::G10,TRUE,MACRO,FXVOL,25D9M,OHLC,TRUE,FALSE,NZDUSD CURNCY
USDCHF25R1Y CURNCY,G10::G10,TRUE,MACRO,FXVOL,25D1Y,OHLC,TRUE,FALSE,USDCHF CURNCY
USDCAD25R1Y CURNCY,G10::G10,TRUE,MACRO,FXVOL,25D1Y,OHLC,TRUE,FALSE,USDCAD CURNCY
USDSGD25R1Y CURNCY,AEJ::AEJ,TRUE,MACRO,FXVOL,25D1Y,OHLC,TRUE,FALSE,USDSGD CURNCY
USDHKD25R1Y CURNCY,AEJ::AEJ,TRUE,MACRO,FXVOL,25D1Y,OHLC,TRUE,FALSE,USDHKD CURNCY
USDCNH25R1Y CURNCY,AEJ::AEJ,TRUE,MACRO,FXVOL,25D1Y,OHLC,TRUE,FALSE,USDCNH CURNCY
USDCNY25R1Y CURNCY,AEJ::AEJ,TRUE,MACRO,FXVOL,25D1Y,OHLC,TRUE,FALSE,USDCNY CURNCY
USDTWD25R1Y CURNCY,AEJ::AEJ,TRUE,MACRO,FXVOL,25D1Y,OHLC,TRUE,FALSE,USDTWD CURNCY
USDTHB25R1Y CURNCY,AEJ::AEJ,TRUE,MACRO,FXVOL,25D1Y,OHLC,TRUE,FALSE,USDTHB CURNCY
USDPHP25R1Y CURNCY,AEJ::AEJ,TRUE,MACRO,FXVOL,25D1Y,OHLC,TRUE,FALSE,USDPHP CURNCY
USDINR25R1Y CURNCY,AEJ::AEJ,TRUE,MACRO,FXVOL,25D1Y,OHLC,TRUE,FALSE,USDINR CURNCY
USDJPY25R1Y CURNCY,G10::G10,TRUE,MACRO,FXVOL,25D1Y,OHLC,TRUE,FALSE,USDJPY CURNCY
USDKRW25R1Y CURNCY,AEJ::AEJ,TRUE,MACRO,FXVOL,25D1Y,OHLC,TRUE,FALSE,USDKRW CURNCY
USDIDR25R1Y CURNCY,AEJ::AEJ,TRUE,MACRO,FXVOL,25D1Y,OHLC,TRUE,FALSE,USDIDR CURNCY
AUDUSD25R1Y CURNCY,G10::G10,TRUE,MACRO,FXVOL,25D1Y,OHLC,TRUE,FALSE,AUDUSD CURNCY
NZDUSD25R1Y CURNCY,G10::G10,TRUE,MACRO,FXVOL,25D1Y,OHLC,TRUE,FALSE,NZDUSD CURNCY
USDCHF10R1M CURNCY,G10::G10,TRUE,MACRO,FXVOL,10D1M,OHLC,TRUE,FALSE,USDCHF CURNCY
USDCAD10R1M CURNCY,G10::G10,TRUE,MACRO,FXVOL,10D1M,OHLC,TRUE,FALSE,USDCAD CURNCY
USDSGD10R1M CURNCY,AEJ::AEJ,TRUE,MACRO,FXVOL,10D1M,OHLC,TRUE,FALSE,USDSGD CURNCY
USDHKD10R1M CURNCY,AEJ::AEJ,TRUE,MACRO,FXVOL,10D1M,OHLC,TRUE,FALSE,USDHKD CURNCY
USDCNH10R1M CURNCY,AEJ::AEJ,TRUE,MACRO,FXVOL,10D1M,OHLC,TRUE,FALSE,USDCNH CURNCY
USDCNY10R1M CURNCY,AEJ::AEJ,TRUE,MACRO,FXVOL,10D1M,OHLC,TRUE,FALSE,USDCNY CURNCY
USDTWD10R1M CURNCY,AEJ::AEJ,TRUE,MACRO,FXVOL,10D1M,OHLC,TRUE,FALSE,USDTWD CURNCY
USDTHB10R1M CURNCY,AEJ::AEJ,TRUE,MACRO,FXVOL,10D1M,OHLC,TRUE,FALSE,USDTHB CURNCY
USDPHP10R1M CURNCY,AEJ::AEJ,TRUE,MACRO,FXVOL,10D1M,OHLC,TRUE,FALSE,USDPHP CURNCY
USDINR10R1M CURNCY,AEJ::AEJ,TRUE,MACRO,FXVOL,10D1M,OHLC,TRUE,FALSE,USDINR CURNCY
USDJPY10R1M CURNCY,G10::G10,TRUE,MACRO,FXVOL,10D1M,OHLC,TRUE,FALSE,USDJPY CURNCY
USDKRW10R1M CURNCY,AEJ::AEJ,TRUE,MACRO,FXVOL,10D1M,OHLC,TRUE,FALSE,USDKRW CURNCY
USDIDR10R1M CURNCY,AEJ::AEJ,TRUE,MACRO,FXVOL,10D1M,OHLC,TRUE,FALSE,USDIDR CURNCY
AUDUSD10R1M CURNCY,G10::G10,TRUE,MACRO,FXVOL,10D1M,OHLC,TRUE,FALSE,AUDUSD CURNCY
NZDUSD10R1M CURNCY,G10::G10,TRUE,MACRO,FXVOL,10D1M,OHLC,TRUE,FALSE,NZDUSD CURNCY
USDCHF10R3M CURNCY,G10::G10,TRUE,MACRO,FXVOL,10D3M,OHLC,TRUE,FALSE,USDCHF CURNCY
USDCAD10R3M CURNCY,G10::G10,TRUE,MACRO,FXVOL,10D3M,OHLC,TRUE,FALSE,USDCAD CURNCY
USDSGD10R3M CURNCY,AEJ::AEJ,TRUE,MACRO,FXVOL,10D3M,OHLC,TRUE,FALSE,USDSGD CURNCY
USDHKD10R3M CURNCY,AEJ::AEJ,TRUE,MACRO,FXVOL,10D3M,OHLC,TRUE,FALSE,USDHKD CURNCY
USDCNH10R3M CURNCY,AEJ::AEJ,TRUE,MACRO,FXVOL,10D3M,OHLC,TRUE,FALSE,USDCNH CURNCY
USDCNY10R3M CURNCY,AEJ::AEJ,TRUE,MACRO,FXVOL,10D3M,OHLC,TRUE,FALSE,USDCNY CURNCY
USDTWD10R3M CURNCY,AEJ::AEJ,TRUE,MACRO,FXVOL,10D3M,OHLC,TRUE,FALSE,USDTWD CURNCY
USDTHB10R3M CURNCY,AEJ::AEJ,TRUE,MACRO,FXVOL,10D3M,OHLC,TRUE,FALSE,USDTHB CURNCY
USDPHP10R3M CURNCY,AEJ::AEJ,TRUE,MACRO,FXVOL,10D3M,OHLC,TRUE,FALSE,USDPHP CURNCY
USDINR10R3M CURNCY,AEJ::AEJ,TRUE,MACRO,FXVOL,10D3M,OHLC,TRUE,FALSE,USDINR CURNCY
USDJPY10R3M CURNCY,G10::G10,TRUE,MACRO,FXVOL,10D3M,OHLC,TRUE,FALSE,USDJPY CURNCY
USDKRW10R3M CURNCY,AEJ::AEJ,TRUE,MACRO,FXVOL,10D3M,OHLC,TRUE,FALSE,USDKRW CURNCY
USDIDR10R3M CURNCY,AEJ::AEJ,TRUE,MACRO,FXVOL,10D3M,OHLC,TRUE,FALSE,USDIDR CURNCY
AUDUSD10R3M CURNCY,G10::G10,TRUE,MACRO,FXVOL,10D3M,OHLC,TRUE,FALSE,AUDUSD CURNCY
NZDUSD10R3M CURNCY,G10::G10,TRUE,MACRO,FXVOL,10D3M,OHLC,TRUE,FALSE,NZDUSD CURNCY
USDCHF10R6M CURNCY,G10::G10,TRUE,MACRO,FXVOL,10D6M,OHLC,TRUE,FALSE,USDCHF CURNCY
USDCAD10R6M CURNCY,G10::G10,TRUE,MACRO,FXVOL,10D6M,OHLC,TRUE,FALSE,USDCAD CURNCY
USDSGD10R6M CURNCY,AEJ::AEJ,TRUE,MACRO,FXVOL,10D6M,OHLC,TRUE,FALSE,USDSGD CURNCY
USDHKD10R6M CURNCY,AEJ::AEJ,TRUE,MACRO,FXVOL,10D6M,OHLC,TRUE,FALSE,USDHKD CURNCY
USDCNH10R6M CURNCY,AEJ::AEJ,TRUE,MACRO,FXVOL,10D6M,OHLC,TRUE,FALSE,USDCNH CURNCY
USDCNY10R6M CURNCY,AEJ::AEJ,TRUE,MACRO,FXVOL,10D6M,OHLC,TRUE,FALSE,USDCNY CURNCY
USDTWD10R6M CURNCY,AEJ::AEJ,TRUE,MACRO,FXVOL,10D6M,OHLC,TRUE,FALSE,USDTWD CURNCY
USDTHB10R6M CURNCY,AEJ::AEJ,TRUE,MACRO,FXVOL,10D6M,OHLC,TRUE,FALSE,USDTHB CURNCY
USDPHP10R6M CURNCY,AEJ::AEJ,TRUE,MACRO,FXVOL,10D6M,OHLC,TRUE,FALSE,USDPHP CURNCY
USDINR10R6M CURNCY,AEJ::AEJ,TRUE,MACRO,FXVOL,10D6M,OHLC,TRUE,FALSE,USDINR CURNCY
USDJPY10R6M CURNCY,G10::G10,TRUE,MACRO,FXVOL,10D6M,OHLC,TRUE,FALSE,USDJPY CURNCY
USDKRW10R6M CURNCY,AEJ::AEJ,TRUE,MACRO,FXVOL,10D6M,OHLC,TRUE,FALSE,USDKRW CURNCY
USDIDR10R6M CURNCY,AEJ::AEJ,TRUE,MACRO,FXVOL,10D6M,OHLC,TRUE,FALSE,USDIDR CURNCY
AUDUSD10R6M CURNCY,G10::G10,TRUE,MACRO,FXVOL,10D6M,OHLC,TRUE,FALSE,AUDUSD CURNCY
NZDUSD10R6M CURNCY,G10::G10,TRUE,MACRO,FXVOL,10D6M,OHLC,TRUE,FALSE,NZDUSD CURNCY
USDCHF10R9M CURNCY,G10::G10,TRUE,MACRO,FXVOL,10D9M,OHLC,TRUE,FALSE,USDCHF CURNCY
USDCAD10R9M CURNCY,G10::G10,TRUE,MACRO,FXVOL,10D9M,OHLC,TRUE,FALSE,USDCAD CURNCY
USDSGD10R9M CURNCY,AEJ::AEJ,TRUE,MACRO,FXVOL,10D9M,OHLC,TRUE,FALSE,USDSGD CURNCY
USDHKD10R9M CURNCY,AEJ::AEJ,TRUE,MACRO,FXVOL,10D9M,OHLC,TRUE,FALSE,USDHKD CURNCY
USDCNH10R9M CURNCY,AEJ::AEJ,TRUE,MACRO,FXVOL,10D9M,OHLC,TRUE,FALSE,USDCNH CURNCY
USDCNY10R9M CURNCY,AEJ::AEJ,TRUE,MACRO,FXVOL,10D9M,OHLC,TRUE,FALSE,USDCNY CURNCY
USDTWD10R9M CURNCY,AEJ::AEJ,TRUE,MACRO,FXVOL,10D9M,OHLC,TRUE,FALSE,USDTWD CURNCY
USDTHB10R9M CURNCY,AEJ::AEJ,TRUE,MACRO,FXVOL,10D9M,OHLC,TRUE,FALSE,USDTHB CURNCY
USDPHP10R9M CURNCY,AEJ::AEJ,TRUE,MACRO,FXVOL,10D9M,OHLC,TRUE,FALSE,USDPHP CURNCY
USDINR10R9M CURNCY,AEJ::AEJ,TRUE,MACRO,FXVOL,10D9M,OHLC,TRUE,FALSE,USDINR CURNCY
USDJPY10R9M CURNCY,G10::G10,TRUE,MACRO,FXVOL,10D9M,OHLC,TRUE,FALSE,USDJPY CURNCY
USDKRW10R9M CURNCY,AEJ::AEJ,TRUE,MACRO,FXVOL,10D9M,OHLC,TRUE,FALSE,USDKRW CURNCY
USDIDR10R9M CURNCY,AEJ::AEJ,TRUE,MACRO,FXVOL,10D9M,OHLC,TRUE,FALSE,USDIDR CURNCY
AUDUSD10R9M CURNCY,G10::G10,TRUE,MACRO,FXVOL,10D9M,OHLC,TRUE,FALSE,AUDUSD CURNCY
NZDUSD10R9M CURNCY,G10::G10,TRUE,MACRO,FXVOL,10D9M,OHLC,TRUE,FALSE,NZDUSD CURNCY
USDCHF10R1Y CURNCY,G10::G10,TRUE,MACRO,FXVOL,10D1Y,OHLC,TRUE,FALSE,USDCHF CURNCY
USDCAD10R1Y CURNCY,G10::G10,TRUE,MACRO,FXVOL,10D1Y,OHLC,TRUE,FALSE,USDCAD CURNCY
USDSGD10R1Y CURNCY,AEJ::AEJ,TRUE,MACRO,FXVOL,10D1Y,OHLC,TRUE,FALSE,USDSGD CURNCY
USDHKD10R1Y CURNCY,AEJ::AEJ,TRUE,MACRO,FXVOL,10D1Y,OHLC,TRUE,FALSE,USDHKD CURNCY
USDCNH10R1Y CURNCY,AEJ::AEJ,TRUE,MACRO,FXVOL,10D1Y,OHLC,TRUE,FALSE,USDCNH CURNCY
USDCNY10R1Y CURNCY,AEJ::AEJ,TRUE,MACRO,FXVOL,10D1Y,OHLC,TRUE,FALSE,USDCNY CURNCY
USDTWD10R1Y CURNCY,AEJ::AEJ,TRUE,MACRO,FXVOL,10D1Y,OHLC,TRUE,FALSE,USDTWD CURNCY
USDTHB10R1Y CURNCY,AEJ::AEJ,TRUE,MACRO,FXVOL,10D1Y,OHLC,TRUE,FALSE,USDTHB CURNCY
USDPHP10R1Y CURNCY,AEJ::AEJ,TRUE,MACRO,FXVOL,10D1Y,OHLC,TRUE,FALSE,USDPHP CURNCY
USDINR10R1Y CURNCY,AEJ::AEJ,TRUE,MACRO,FXVOL,10D1Y,OHLC,TRUE,FALSE,USDINR CURNCY
USDJPY10R1Y CURNCY,G10::G10,TRUE,MACRO,FXVOL,10D1Y,OHLC,TRUE,FALSE,USDJPY CURNCY
USDKRW10R1Y CURNCY,AEJ::AEJ,TRUE,MACRO,FXVOL,10D1Y,OHLC,TRUE,FALSE,USDKRW CURNCY
USDIDR10R1Y CURNCY,AEJ::AEJ,TRUE,MACRO,FXVOL,10D1Y,OHLC,TRUE,FALSE,USDIDR CURNCY
AUDUSD10R1Y CURNCY,G10::G10,TRUE,MACRO,FXVOL,10D1Y,OHLC,TRUE,FALSE,AUDUSD CURNCY
NZDUSD10R1Y CURNCY,G10::G10,TRUE,MACRO,FXVOL,10D1Y,OHLC,TRUE,FALSE,NZDUSD CURNCY
USDCHF25B1M CURNCY,G10::G10,TRUE,MACRO,FXVOL,25B1M,OHLC,TRUE,FALSE,USDCHF CURNCY
USDCAD25B1M CURNCY,G10::G10,TRUE,MACRO,FXVOL,25B1M,OHLC,TRUE,FALSE,USDCAD CURNCY
USDSGD25B1M CURNCY,AEJ::AEJ,TRUE,MACRO,FXVOL,25B1M,OHLC,TRUE,FALSE,USDSGD CURNCY
USDHKD25B1M CURNCY,AEJ::AEJ,TRUE,MACRO,FXVOL,25B1M,OHLC,TRUE,FALSE,USDHKD CURNCY
USDCNH25B1M CURNCY,AEJ::AEJ,TRUE,MACRO,FXVOL,25B1M,OHLC,TRUE,FALSE,USDCNH CURNCY
USDCNY25B1M CURNCY,AEJ::AEJ,TRUE,MACRO,FXVOL,25B1M,OHLC,TRUE,FALSE,USDCNY CURNCY
USDTWD25B1M CURNCY,AEJ::AEJ,TRUE,MACRO,FXVOL,25B1M,OHLC,TRUE,FALSE,USDTWD CURNCY
USDTHB25B1M CURNCY,AEJ::AEJ,TRUE,MACRO,FXVOL,25B1M,OHLC,TRUE,FALSE,USDTHB CURNCY
USDPHP25B1M CURNCY,AEJ::AEJ,TRUE,MACRO,FXVOL,25B1M,OHLC,TRUE,FALSE,USDPHP CURNCY
USDINR25B1M CURNCY,AEJ::AEJ,TRUE,MACRO,FXVOL,25B1M,OHLC,TRUE,FALSE,USDINR CURNCY
USDJPY25B1M CURNCY,G10::G10,TRUE,MACRO,FXVOL,25B1M,OHLC,TRUE,FALSE,USDJPY CURNCY
USDKRW25B1M CURNCY,AEJ::AEJ,TRUE,MACRO,FXVOL,25B1M,OHLC,TRUE,FALSE,USDKRW CURNCY
USDIDR25B1M CURNCY,AEJ::AEJ,TRUE,MACRO,FXVOL,25B1M,OHLC,TRUE,FALSE,USDIDR CURNCY
AUDUSD25B1M CURNCY,G10::G10,TRUE,MACRO,FXVOL,25B1M,OHLC,TRUE,FALSE,AUDUSD CURNCY
NZDUSD25B1M CURNCY,G10::G10,TRUE,MACRO,FXVOL,25B1M,OHLC,TRUE,FALSE,NZDUSD CURNCY
USDCHF25B3M CURNCY,G10::G10,TRUE,MACRO,FXVOL,25B3M,OHLC,TRUE,FALSE,USDCHF CURNCY
USDCAD25B3M CURNCY,G10::G10,TRUE,MACRO,FXVOL,25B3M,OHLC,TRUE,FALSE,USDCAD CURNCY
USDSGD25B3M CURNCY,AEJ::AEJ,TRUE,MACRO,FXVOL,25B3M,OHLC,TRUE,FALSE,USDSGD CURNCY
USDHKD25B3M CURNCY,AEJ::AEJ,TRUE,MACRO,FXVOL,25B3M,OHLC,TRUE,FALSE,USDHKD CURNCY
USDCNH25B3M CURNCY,AEJ::AEJ,TRUE,MACRO,FXVOL,25B3M,OHLC,TRUE,FALSE,USDCNH CURNCY
USDCNY25B3M CURNCY,AEJ::AEJ,TRUE,MACRO,FXVOL,25B3M,OHLC,TRUE,FALSE,USDCNY CURNCY
USDTWD25B3M CURNCY,AEJ::AEJ,TRUE,MACRO,FXVOL,25B3M,OHLC,TRUE,FALSE,USDTWD CURNCY
USDTHB25B3M CURNCY,AEJ::AEJ,TRUE,MACRO,FXVOL,25B3M,OHLC,TRUE,FALSE,USDTHB CURNCY
USDPHP25B3M CURNCY,AEJ::AEJ,TRUE,MACRO,FXVOL,25B3M,OHLC,TRUE,FALSE,USDPHP CURNCY
USDINR25B3M CURNCY,AEJ::AEJ,TRUE,MACRO,FXVOL,25B3M,OHLC,TRUE,FALSE,USDINR CURNCY
USDJPY25B3M CURNCY,G10::G10,TRUE,MACRO,FXVOL,25B3M,OHLC,TRUE,FALSE,USDJPY CURNCY
USDKRW25B3M CURNCY,AEJ::AEJ,TRUE,MACRO,FXVOL,25B3M,OHLC,TRUE,FALSE,USDKRW CURNCY
USDIDR25B3M CURNCY,AEJ::AEJ,TRUE,MACRO,FXVOL,25B3M,OHLC,TRUE,FALSE,USDIDR CURNCY
AUDUSD25B3M CURNCY,G10::G10,TRUE,MACRO,FXVOL,25B3M,OHLC,TRUE,FALSE,AUDUSD CURNCY
NZDUSD25B3M CURNCY,G10::G10,TRUE,MACRO,FXVOL,25B3M,OHLC,TRUE,FALSE,NZDUSD CURNCY
USDCHF25B6M CURNCY,G10::G10,TRUE,MACRO,FXVOL,25B6M,OHLC,TRUE,FALSE,USDCHF CURNCY
USDCAD25B6M CURNCY,G10::G10,TRUE,MACRO,FXVOL,25B6M,OHLC,TRUE,FALSE,USDCAD CURNCY
USDSGD25B6M CURNCY,AEJ::AEJ,TRUE,MACRO,FXVOL,25B6M,OHLC,TRUE,FALSE,USDSGD CURNCY
USDHKD25B6M CURNCY,AEJ::AEJ,TRUE,MACRO,FXVOL,25B6M,OHLC,TRUE,FALSE,USDHKD CURNCY
USDCNH25B6M CURNCY,AEJ::AEJ,TRUE,MACRO,FXVOL,25B6M,OHLC,TRUE,FALSE,USDCNH CURNCY
USDCNY25B6M CURNCY,AEJ::AEJ,TRUE,MACRO,FXVOL,25B6M,OHLC,TRUE,FALSE,USDCNY CURNCY
USDTWD25B6M CURNCY,AEJ::AEJ,TRUE,MACRO,FXVOL,25B6M,OHLC,TRUE,FALSE,USDTWD CURNCY
USDTHB25B6M CURNCY,AEJ::AEJ,TRUE,MACRO,FXVOL,25B6M,OHLC,TRUE,FALSE,USDTHB CURNCY
USDPHP25B6M CURNCY,AEJ::AEJ,TRUE,MACRO,FXVOL,25B6M,OHLC,TRUE,FALSE,USDPHP CURNCY
USDINR25B6M CURNCY,AEJ::AEJ,TRUE,MACRO,FXVOL,25B6M,OHLC,TRUE,FALSE,USDINR CURNCY
USDJPY25B6M CURNCY,G10::G10,TRUE,MACRO,FXVOL,25B6M,OHLC,TRUE,FALSE,USDJPY CURNCY
USDKRW25B6M CURNCY,AEJ::AEJ,TRUE,MACRO,FXVOL,25B6M,OHLC,TRUE,FALSE,USDKRW CURNCY
USDIDR25B6M CURNCY,AEJ::AEJ,TRUE,MACRO,FXVOL,25B6M,OHLC,TRUE,FALSE,USDIDR CURNCY
AUDUSD25B6M CURNCY,G10::G10,TRUE,MACRO,FXVOL,25B6M,OHLC,TRUE,FALSE,AUDUSD CURNCY
NZDUSD25B6M CURNCY,G10::G10,TRUE,MACRO,FXVOL,25B6M,OHLC,TRUE,FALSE,NZDUSD CURNCY
USDCHF25B9M CURNCY,G10::G10,TRUE,MACRO,FXVOL,25B9M,OHLC,TRUE,FALSE,USDCHF CURNCY
USDCAD25B9M CURNCY,G10::G10,TRUE,MACRO,FXVOL,25B9M,OHLC,TRUE,FALSE,USDCAD CURNCY
USDSGD25B9M CURNCY,AEJ::AEJ,TRUE,MACRO,FXVOL,25B9M,OHLC,TRUE,FALSE,USDSGD CURNCY
USDHKD25B9M CURNCY,AEJ::AEJ,TRUE,MACRO,FXVOL,25B9M,OHLC,TRUE,FALSE,USDHKD CURNCY
USDCNH25B9M CURNCY,AEJ::AEJ,TRUE,MACRO,FXVOL,25B9M,OHLC,TRUE,FALSE,USDCNH CURNCY
USDCNY25B9M CURNCY,AEJ::AEJ,TRUE,MACRO,FXVOL,25B9M,OHLC,TRUE,FALSE,USDCNY CURNCY
USDTWD25B9M CURNCY,AEJ::AEJ,TRUE,MACRO,FXVOL,25B9M,OHLC,TRUE,FALSE,USDTWD CURNCY
USDTHB25B9M CURNCY,AEJ::AEJ,TRUE,MACRO,FXVOL,25B9M,OHLC,TRUE,FALSE,USDTHB CURNCY
USDPHP25B9M CURNCY,AEJ::AEJ,TRUE,MACRO,FXVOL,25B9M,OHLC,TRUE,FALSE,USDPHP CURNCY
USDINR25B9M CURNCY,AEJ::AEJ,TRUE,MACRO,FXVOL,25B9M,OHLC,TRUE,FALSE,USDINR CURNCY
USDJPY25B9M CURNCY,G10::G10,TRUE,MACRO,FXVOL,25B9M,OHLC,TRUE,FALSE,USDJPY CURNCY
USDKRW25B9M CURNCY,AEJ::AEJ,TRUE,MACRO,FXVOL,25B9M,OHLC,TRUE,FALSE,USDKRW CURNCY
USDIDR25B9M CURNCY,AEJ::AEJ,TRUE,MACRO,FXVOL,25B9M,OHLC,TRUE,FALSE,USDIDR CURNCY
AUDUSD25B9M CURNCY,G10::G10,TRUE,MACRO,FXVOL,25B9M,OHLC,TRUE,FALSE,AUDUSD CURNCY
NZDUSD25B9M CURNCY,G10::G10,TRUE,MACRO,FXVOL,25B9M,OHLC,TRUE,FALSE,NZDUSD CURNCY
USDCHF25B1Y CURNCY,G10::G10,TRUE,MACRO,FXVOL,25B1Y,OHLC,TRUE,FALSE,USDCHF CURNCY
USDCAD25B1Y CURNCY,G10::G10,TRUE,MACRO,FXVOL,25B1Y,OHLC,TRUE,FALSE,USDCAD CURNCY
USDSGD25B1Y CURNCY,AEJ::AEJ,TRUE,MACRO,FXVOL,25B1Y,OHLC,TRUE,FALSE,USDSGD CURNCY
USDHKD25B1Y CURNCY,AEJ::AEJ,TRUE,MACRO,FXVOL,25B1Y,OHLC,TRUE,FALSE,USDHKD CURNCY
USDCNH25B1Y CURNCY,AEJ::AEJ,TRUE,MACRO,FXVOL,25B1Y,OHLC,TRUE,FALSE,USDCNH CURNCY
USDCNY25B1Y CURNCY,AEJ::AEJ,TRUE,MACRO,FXVOL,25B1Y,OHLC,TRUE,FALSE,USDCNY CURNCY
USDTWD25B1Y CURNCY,AEJ::AEJ,TRUE,MACRO,FXVOL,25B1Y,OHLC,TRUE,FALSE,USDTWD CURNCY
USDTHB25B1Y CURNCY,AEJ::AEJ,TRUE,MACRO,FXVOL,25B1Y,OHLC,TRUE,FALSE,USDTHB CURNCY
USDPHP25B1Y CURNCY,AEJ::AEJ,TRUE,MACRO,FXVOL,25B1Y,OHLC,TRUE,FALSE,USDPHP CURNCY
USDINR25B1Y CURNCY,AEJ::AEJ,TRUE,MACRO,FXVOL,25B1Y,OHLC,TRUE,FALSE,USDINR CURNCY
USDJPY25B1Y CURNCY,G10::G10,TRUE,MACRO,FXVOL,25B1Y,OHLC,TRUE,FALSE,USDJPY CURNCY
USDKRW25B1Y CURNCY,AEJ::AEJ,TRUE,MACRO,FXVOL,25B1Y,OHLC,TRUE,FALSE,USDKRW CURNCY
USDIDR25B1Y CURNCY,AEJ::AEJ,TRUE,MACRO,FXVOL,25B1Y,OHLC,TRUE,FALSE,USDIDR CURNCY
AUDUSD25B1Y CURNCY,G10::G10,TRUE,MACRO,FXVOL,25B1Y,OHLC,TRUE,FALSE,AUDUSD CURNCY
NZDUSD25B1Y CURNCY,G10::G10,TRUE,MACRO,FXVOL,25B1Y,OHLC,TRUE,FALSE,NZDUSD CURNCY
USDCHF10B1M CURNCY,G10::G10,TRUE,MACRO,FXVOL,10B1M,OHLC,TRUE,FALSE,USDCHF CURNCY
USDCAD10B1M CURNCY,G10::G10,TRUE,MACRO,FXVOL,10B1M,OHLC,TRUE,FALSE,USDCAD CURNCY
USDSGD10B1M CURNCY,AEJ::AEJ,TRUE,MACRO,FXVOL,10B1M,OHLC,TRUE,FALSE,USDSGD CURNCY
USDHKD10B1M CURNCY,AEJ::AEJ,TRUE,MACRO,FXVOL,10B1M,OHLC,TRUE,FALSE,USDHKD CURNCY
USDCNH10B1M CURNCY,AEJ::AEJ,TRUE,MACRO,FXVOL,10B1M,OHLC,TRUE,FALSE,USDCNH CURNCY
USDCNY10B1M CURNCY,AEJ::AEJ,TRUE,MACRO,FXVOL,10B1M,OHLC,TRUE,FALSE,USDCNY CURNCY
USDTWD10B1M CURNCY,AEJ::AEJ,TRUE,MACRO,FXVOL,10B1M,OHLC,TRUE,FALSE,USDTWD CURNCY
USDTHB10B1M CURNCY,AEJ::AEJ,TRUE,MACRO,FXVOL,10B1M,OHLC,TRUE,FALSE,USDTHB CURNCY
USDPHP10B1M CURNCY,AEJ::AEJ,TRUE,MACRO,FXVOL,10B1M,OHLC,TRUE,FALSE,USDPHP CURNCY
USDINR10B1M CURNCY,AEJ::AEJ,TRUE,MACRO,FXVOL,10B1M,OHLC,TRUE,FALSE,USDINR CURNCY
USDJPY10B1M CURNCY,G10::G10,TRUE,MACRO,FXVOL,10B1M,OHLC,TRUE,FALSE,USDJPY CURNCY
USDKRW10B1M CURNCY,AEJ::AEJ,TRUE,MACRO,FXVOL,10B1M,OHLC,TRUE,FALSE,USDKRW CURNCY
USDIDR10B1M CURNCY,AEJ::AEJ,TRUE,MACRO,FXVOL,10B1M,OHLC,TRUE,FALSE,USDIDR CURNCY
AUDUSD10B1M CURNCY,G10::G10,TRUE,MACRO,FXVOL,10B1M,OHLC,TRUE,FALSE,AUDUSD CURNCY
NZDUSD10B1M CURNCY,G10::G10,TRUE,MACRO,FXVOL,10B1M,OHLC,TRUE,FALSE,NZDUSD CURNCY
USDCHF10B3M CURNCY,G10::G10,TRUE,MACRO,FXVOL,10B3M,OHLC,TRUE,FALSE,USDCHF CURNCY
USDCAD10B3M CURNCY,G10::G10,TRUE,MACRO,FXVOL,10B3M,OHLC,TRUE,FALSE,USDCAD CURNCY
USDSGD10B3M CURNCY,AEJ::AEJ,TRUE,MACRO,FXVOL,10B3M,OHLC,TRUE,FALSE,USDSGD CURNCY
USDHKD10B3M CURNCY,AEJ::AEJ,TRUE,MACRO,FXVOL,10B3M,OHLC,TRUE,FALSE,USDHKD CURNCY
USDCNH10B3M CURNCY,AEJ::AEJ,TRUE,MACRO,FXVOL,10B3M,OHLC,TRUE,FALSE,USDCNH CURNCY
USDCNY10B3M CURNCY,AEJ::AEJ,TRUE,MACRO,FXVOL,10B3M,OHLC,TRUE,FALSE,USDCNY CURNCY
USDTWD10B3M CURNCY,AEJ::AEJ,TRUE,MACRO,FXVOL,10B3M,OHLC,TRUE,FALSE,USDTWD CURNCY
USDTHB10B3M CURNCY,AEJ::AEJ,TRUE,MACRO,FXVOL,10B3M,OHLC,TRUE,FALSE,USDTHB CURNCY
USDPHP10B3M CURNCY,AEJ::AEJ,TRUE,MACRO,FXVOL,10B3M,OHLC,TRUE,FALSE,USDPHP CURNCY
USDINR10B3M CURNCY,AEJ::AEJ,TRUE,MACRO,FXVOL,10B3M,OHLC,TRUE,FALSE,USDINR CURNCY
USDJPY10B3M CURNCY,G10::G10,TRUE,MACRO,FXVOL,10B3M,OHLC,TRUE,FALSE,USDJPY CURNCY
USDKRW10B3M CURNCY,AEJ::AEJ,TRUE,MACRO,FXVOL,10B3M,OHLC,TRUE,FALSE,USDKRW CURNCY
USDIDR10B3M CURNCY,AEJ::AEJ,TRUE,MACRO,FXVOL,10B3M,OHLC,TRUE,FALSE,USDIDR CURNCY
AUDUSD10B3M CURNCY,G10::G10,TRUE,MACRO,FXVOL,10B3M,OHLC,TRUE,FALSE,AUDUSD CURNCY
NZDUSD10B3M CURNCY,G10::G10,TRUE,MACRO,FXVOL,10B3M,OHLC,TRUE,FALSE,NZDUSD CURNCY
USDCHF10B6M CURNCY,G10::G10,TRUE,MACRO,FXVOL,10B6M,OHLC,TRUE,FALSE,USDCHF CURNCY
USDCAD10B6M CURNCY,G10::G10,TRUE,MACRO,FXVOL,10B6M,OHLC,TRUE,FALSE,USDCAD CURNCY
USDSGD10B6M CURNCY,AEJ::AEJ,TRUE,MACRO,FXVOL,10B6M,OHLC,TRUE,FALSE,USDSGD CURNCY
USDHKD10B6M CURNCY,AEJ::AEJ,TRUE,MACRO,FXVOL,10B6M,OHLC,TRUE,FALSE,USDHKD CURNCY
USDCNH10B6M CURNCY,AEJ::AEJ,TRUE,MACRO,FXVOL,10B6M,OHLC,TRUE,FALSE,USDCNH CURNCY
USDCNY10B6M CURNCY,AEJ::AEJ,TRUE,MACRO,FXVOL,10B6M,OHLC,TRUE,FALSE,USDCNY CURNCY
USDTWD10B6M CURNCY,AEJ::AEJ,TRUE,MACRO,FXVOL,10B6M,OHLC,TRUE,FALSE,USDTWD CURNCY
USDTHB10B6M CURNCY,AEJ::AEJ,TRUE,MACRO,FXVOL,10B6M,OHLC,TRUE,FALSE,USDTHB CURNCY
USDPHP10B6M CURNCY,AEJ::AEJ,TRUE,MACRO,FXVOL,10B6M,OHLC,TRUE,FALSE,USDPHP CURNCY
USDINR10B6M CURNCY,AEJ::AEJ,TRUE,MACRO,FXVOL,10B6M,OHLC,TRUE,FALSE,USDINR CURNCY
USDJPY10B6M CURNCY,G10::G10,TRUE,MACRO,FXVOL,10B6M,OHLC,TRUE,FALSE,USDJPY CURNCY
USDKRW10B6M CURNCY,AEJ::AEJ,TRUE,MACRO,FXVOL,10B6M,OHLC,TRUE,FALSE,USDKRW CURNCY
USDIDR10B6M CURNCY,AEJ::AEJ,TRUE,MACRO,FXVOL,10B6M,OHLC,TRUE,FALSE,USDIDR CURNCY
AUDUSD10B6M CURNCY,G10::G10,TRUE,MACRO,FXVOL,10B6M,OHLC,TRUE,FALSE,AUDUSD CURNCY
NZDUSD10B6M CURNCY,G10::G10,TRUE,MACRO,FXVOL,10B6M,OHLC,TRUE,FALSE,NZDUSD CURNCY
USDCHF10B9M CURNCY,G10::G10,TRUE,MACRO,FXVOL,10B9M,OHLC,TRUE,FALSE,USDCHF CURNCY
USDCAD10B9M CURNCY,G10::G10,TRUE,MACRO,FXVOL,10B9M,OHLC,TRUE,FALSE,USDCAD CURNCY
USDSGD10B9M CURNCY,AEJ::AEJ,TRUE,MACRO,FXVOL,10B9M,OHLC,TRUE,FALSE,USDSGD CURNCY
USDHKD10B9M CURNCY,AEJ::AEJ,TRUE,MACRO,FXVOL,10B9M,OHLC,TRUE,FALSE,USDHKD CURNCY
USDCNH10B9M CURNCY,AEJ::AEJ,TRUE,MACRO,FXVOL,10B9M,OHLC,TRUE,FALSE,USDCNH CURNCY
USDCNY10B9M CURNCY,AEJ::AEJ,TRUE,MACRO,FXVOL,10B9M,OHLC,TRUE,FALSE,USDCNY CURNCY
USDTWD10B9M CURNCY,AEJ::AEJ,TRUE,MACRO,FXVOL,10B9M,OHLC,TRUE,FALSE,USDTWD CURNCY
USDTHB10B9M CURNCY,AEJ::AEJ,TRUE,MACRO,FXVOL,10B9M,OHLC,TRUE,FALSE,USDTHB CURNCY
USDPHP10B9M CURNCY,AEJ::AEJ,TRUE,MACRO,FXVOL,10B9M,OHLC,TRUE,FALSE,USDPHP CURNCY
USDINR10B9M CURNCY,AEJ::AEJ,TRUE,MACRO,FXVOL,10B9M,OHLC,TRUE,FALSE,USDINR CURNCY
USDJPY10B9M CURNCY,G10::G10,TRUE,MACRO,FXVOL,10B9M,OHLC,TRUE,FALSE,USDJPY CURNCY
USDKRW10B9M CURNCY,AEJ::AEJ,TRUE,MACRO,FXVOL,10B9M,OHLC,TRUE,FALSE,USDKRW CURNCY
USDIDR10B9M CURNCY,AEJ::AEJ,TRUE,MACRO,FXVOL,10B9M,OHLC,TRUE,FALSE,USDIDR CURNCY
AUDUSD10B9M CURNCY,G10::G10,TRUE,MACRO,FXVOL,10B9M,OHLC,TRUE,FALSE,AUDUSD CURNCY
NZDUSD10B9M CURNCY,G10::G10,TRUE,MACRO,FXVOL,10B9M,OHLC,TRUE,FALSE,NZDUSD CURNCY
USDCHF10B1Y CURNCY,G10::G10,TRUE,MACRO,FXVOL,10B1Y,OHLC,TRUE,FALSE,USDCHF CURNCY
USDCAD10B1Y CURNCY,G10::G10,TRUE,MACRO,FXVOL,10B1Y,OHLC,TRUE,FALSE,USDCAD CURNCY
USDSGD10B1Y CURNCY,AEJ::AEJ,TRUE,MACRO,FXVOL,10B1Y,OHLC,TRUE,FALSE,USDSGD CURNCY
USDHKD10B1Y CURNCY,AEJ::AEJ,TRUE,MACRO,FXVOL,10B1Y,OHLC,TRUE,FALSE,USDHKD CURNCY
USDCNH10B1Y CURNCY,AEJ::AEJ,TRUE,MACRO,FXVOL,10B1Y,OHLC,TRUE,FALSE,USDCNH CURNCY
USDCNY10B1Y CURNCY,AEJ::AEJ,TRUE,MACRO,FXVOL,10B1Y,OHLC,TRUE,FALSE,USDCNY CURNCY
USDTWD10B1Y CURNCY,AEJ::AEJ,TRUE,MACRO,FXVOL,10B1Y,OHLC,TRUE,FALSE,USDTWD CURNCY
USDTHB10B1Y CURNCY,AEJ::AEJ,TRUE,MACRO,FXVOL,10B1Y,OHLC,TRUE,FALSE,USDTHB CURNCY
USDPHP10B1Y CURNCY,AEJ::AEJ,TRUE,MACRO,FXVOL,10B1Y,OHLC,TRUE,FALSE,USDPHP CURNCY
USDINR10B1Y CURNCY,AEJ::AEJ,TRUE,MACRO,FXVOL,10B1Y,OHLC,TRUE,FALSE,USDINR CURNCY
USDJPY10B1Y CURNCY,G10::G10,TRUE,MACRO,FXVOL,10B1Y,OHLC,TRUE,FALSE,USDJPY CURNCY
USDKRW10B1Y CURNCY,AEJ::AEJ,TRUE,MACRO,FXVOL,10B1Y,OHLC,TRUE,FALSE,USDKRW CURNCY
USDIDR10B1Y CURNCY,AEJ::AEJ,TRUE,MACRO,FXVOL,10B1Y,OHLC,TRUE,FALSE,USDIDR CURNCY
AUDUSD10B1Y CURNCY,G10::G10,TRUE,MACRO,FXVOL,10B1Y,OHLC,TRUE,FALSE,AUDUSD CURNCY
NZDUSD10B1Y CURNCY,G10::G10,TRUE,MACRO,FXVOL,10B1Y,OHLC,TRUE,FALSE,NZDUSD CURNCY
ADXY INDEX,AEJ::AEJ,TRUE,MACRO,FXINDEX,ASIANFXINDEX,OHLC,TRUE,TRUE,ADXY INDEX
DXY CURNCY,G10::G10,TRUE,MACRO,FXINDEX,SPOT,OHLC,TRUE,TRUE,DXY CURNCY
VGIT US EQUITY,G10::G10,TRUE,EQUITY,ETF,SPOT,OHLCV,TRUE,TRUE,VGIT US EQUITY
CLOU US EQUITY,G10::G10,TRUE,EQUITY,ETF,SPOT,OHLCV,TRUE,TRUE,CLOU US EQUITY
DBP US EQUITY,G10::G10,TRUE,EQUITY,ETF,SPOT,OHLCV,TRUE,TRUE,DBP US EQUITY
AGG US EQUITY,G10::G10,TRUE,EQUITY,ETF,SPOT,OHLCV,TRUE,TRUE,AGG US EQUITY
CHIH US EQUITY,G10::G10,TRUE,EQUITY,ETF,SPOT,OHLCV,TRUE,TRUE,CHIH US EQUITY
PNQI US EQUITY,G10::G10,TRUE,EQUITY,ETF,SPOT,OHLCV,TRUE,TRUE,PNQI US EQUITY
VTIP US EQUITY,G10::G10,TRUE,EQUITY,ETF,SPOT,OHLCV,TRUE,TRUE,VTIP US EQUITY
QQQ US EQUITY,G10::G10,TRUE,EQUITY,ETF,SPOT,OHLCV,TRUE,TRUE,QQQ US EQUITY
XNTK US EQUITY,G10::G10,TRUE,EQUITY,ETF,SPOT,OHLCV,TRUE,TRUE,XNTK US EQUITY
GOEX US EQUITY,G10::G10,TRUE,EQUITY,ETF,SPOT,OHLCV,TRUE,TRUE,GOEX US EQUITY
BUG US EQUITY,G10::G10,TRUE,EQUITY,ETF,SPOT,OHLCV,TRUE,TRUE,BUG US EQUITY
EBIZ US EQUITY,G10::G10,TRUE,EQUITY,ETF,SPOT,OHLCV,TRUE,TRUE,EBIZ US EQUITY
IGM US EQUITY,G10::G10,TRUE,EQUITY,ETF,SPOT,OHLCV,TRUE,TRUE,IGM US EQUITY
IYW US EQUITY,G10::G10,TRUE,EQUITY,ETF,SPOT,OHLCV,TRUE,TRUE,IYW US EQUITY
MGK US EQUITY,G10::G10,TRUE,EQUITY,ETF,SPOT,OHLCV,TRUE,TRUE,MGK US EQUITY
GDXJ US EQUITY,G10::G10,TRUE,EQUITY,ETF,SPOT,OHLCV,TRUE,TRUE,GDXJ US EQUITY
XLK US EQUITY,G10::G10,TRUE,EQUITY,ETF,SPOT,OHLCV,TRUE,TRUE,XLK US EQUITY
IWY US EQUITY,G10::G10,TRUE,EQUITY,ETF,SPOT,OHLCV,TRUE,TRUE,IWY US EQUITY
RTH US EQUITY,G10::G10,TRUE,EQUITY,ETF,SPOT,OHLCV,TRUE,TRUE,RTH US EQUITY
PSJ US EQUITY,G10::G10,TRUE,EQUITY,ETF,SPOT,OHLCV,TRUE,TRUE,PSJ US EQUITY
SLVP US EQUITY,G10::G10,TRUE,EQUITY,ETF,SPOT,OHLCV,TRUE,TRUE,SLVP US EQUITY
IXJ US EQUITY,G10::G10,TRUE,EQUITY,ETF,SPOT,OHLCV,TRUE,TRUE,IXJ US EQUITY
SYG US EQUITY,G10::G10,TRUE,EQUITY,ETF,SPOT,OHLCV,TRUE,TRUE,SYG US EQUITY
VUG US EQUITY,G10::G10,TRUE,EQUITY,ETF,SPOT,OHLCV,TRUE,TRUE,VUG US EQUITY
XLV US EQUITY,G10::G10,TRUE,EQUITY,ETF,SPOT,OHLCV,TRUE,TRUE,XLV US EQUITY
VHT US EQUITY,G10::G10,TRUE,EQUITY,ETF,SPOT,OHLCV,TRUE,TRUE,VHT US EQUITY
SIL US EQUITY,G10::G10,TRUE,EQUITY,ETF,SPOT,OHLCV,TRUE,TRUE,SIL US EQUITY
VGT US EQUITY,G10::G10,TRUE,EQUITY,ETF,SPOT,OHLCV,TRUE,TRUE,VGT US EQUITY
URA US EQUITY,G10::G10,TRUE,EQUITY,ETF,SPOT,OHLCV,TRUE,TRUE,URA US EQUITY
VONG US EQUITY,G10::G10,TRUE,EQUITY,ETF,SPOT,OHLCV,TRUE,TRUE,VONG US EQUITY
IWF US EQUITY,G10::G10,TRUE,EQUITY,ETF,SPOT,OHLCV,TRUE,TRUE,IWF US EQUITY
XBI US EQUITY,G10::G10,TRUE,EQUITY,ETF,SPOT,OHLCV,TRUE,TRUE,XBI US EQUITY
SPYG US EQUITY,G10::G10,TRUE,EQUITY,ETF,SPOT,OHLCV,TRUE,TRUE,SPYG US EQUITY
XHE US EQUITY,G10::G10,TRUE,EQUITY,ETF,SPOT,OHLCV,TRUE,TRUE,XHE US EQUITY
VOOG US EQUITY,G10::G10,TRUE,EQUITY,ETF,SPOT,OHLCV,TRUE,TRUE,VOOG US EQUITY
IXN US EQUITY,G10::G10,TRUE,EQUITY,ETF,SPOT,OHLCV,TRUE,TRUE,IXN US EQUITY
IVW US EQUITY,G10::G10,TRUE,EQUITY,ETF,SPOT,OHLCV,TRUE,TRUE,IVW US EQUITY
RSP US EQUITY,G10::G10,TRUE,EQUITY,ETF,SPOT,OHLCV,TRUE,TRUE,RSP US EQUITY
GLD US EQUITY,G10::G10,TRUE,EQUITY,ETF,SPOT,OHLCV,TRUE,TRUE,GLD US EQUITY
SLV US EQUITY,G10::G10,TRUE,EQUITY,ETF,SPOT,OHLCV,TRUE,TRUE,SLV US EQUITY
SPY US EQUITY,G10::G10,TRUE,EQUITY,ETF,SPOT,OHLCV,TRUE,TRUE,SPY US EQUITY
XLE US EQUITY,G10::G10,TRUE,EQUITY,ETF,SPOT,OHLCV,TRUE,TRUE,XLE US EQUITY
EMB US EQUITY,G10::G10,TRUE,EQUITY,ETF,SPOT,OHLCV,TRUE,TRUE,EMB US EQUITY
VGLT US EQUITY,G10::G10,TRUE,EQUITY,ETF,SPOT,OHLCV,TRUE,TRUE,VGLT US EQUITY
VCLT US EQUITY,G10::G10,TRUE,EQUITY,ETF,SPOT,OHLCV,TRUE,TRUE,VCLT US EQUITY
VIX INDEX,G10::G10,TRUE,EQUITY,INDEX,SPOT,OHLC,TRUE,TRUE,VIX INDEX
IBB US EQUITY,G10::G10,TRUE,EQUITY,ETF,SPOT,OHLCV,TRUE,TRUE,IBB US EQUITY
VWO US EQUITY,US,TRUE,EQUITY,ETF,SPOT,OHLCV,TRUE,TRUE,VWO US EQUITY
VWOB US EQUITY,US,TRUE,EQUITY,ETF,SPOT,OHLCV,TRUE,TRUE,VWOB US EQUITY
VIXY US EQUITY,US,TRUE,EQUITY,ETF,SPOT,OHLCV,TRUE,TRUE,ViXY US EQUITY
VNQ US EQUITY,US,TRUE,EQUITY,ETF,SPOT,OHLCV,TRUE,TRUE,VNQ US EQUITY
REM US EQUITY,US,TRUE,EQUITY,ETF,SPOT,OHLCV,TRUE,TRUE,REM US EQUITY
SRET US EQUITY,US,TRUE,EQUITY,ETF,SPOT,OHLCV,TRUE,TRUE,SRET US EQUITY
VTI US EQUITY,US,TRUE,EQUITY,ETF,SPOT,OHLCV,TRUE,TRUE,VTI US EQUITY
VIG US EQUITY,US,TRUE,EQUITY,ETF,SPOT,OHLCV,TRUE,TRUE,VIG US EQUITY
VYM US EQUITY,US,TRUE,EQUITY,ETF,SPOT,OHLCV,TRUE,TRUE,VYM US EQUITY
VT US EQUITY,US,TRUE,EQUITY,ETF,SPOT,OHLCV,TRUE,TRUE,VT US EQUITY
MCHI US EQUITY,US,TRUE,EQUITY,ETF,SPOT,OHLCV,TRUE,TRUE,MCHI US EQUITY
ASHR US EQUITY,US,TRUE,EQUITY,ETF,SPOT,OHLCV,TRUE,TRUE,ASHR US EQUITY
CQQQ US EQUITY,US,TRUE,EQUITY,ETF,SPOT,OHLCV,TRUE,TRUE,CQQQ US EQUITY
VGK US EQUITY,US,TRUE,EQUITY,ETF,SPOT,OHLCV,TRUE,TRUE,VGK US EQUITY
IWM US EQUITY,US,TRUE,EQUITY,ETF,SPOT,OHLCV,TRUE,TRUE,IWM US EQUITY
USMV US EQUITY,US,TRUE,EQUITY,ETF,SPOT,OHLCV,TRUE,TRUE,USMV US EQUITY
TIP US EQUITY,US,TRUE,EQUITY,ETF,SPOT,OHLCV,TRUE,TRUE,TIP US EQUITY
IEF US EQUITY,US,TRUE,EQUITY,ETF,SPOT,OHLCV,TRUE,TRUE,IEF US EQUITY
SHY US EQUITY,US,TRUE,EQUITY,ETF,SPOT,OHLCV,TRUE,TRUE,SHY US EQUITY
MBB US EQUITY,US,TRUE,EQUITY,ETF,SPOT,OHLCV,TRUE,TRUE,MBB US EQUITY
BSV US EQUITY,US,TRUE,EQUITY,ETF,SPOT,OHLCV,TRUE,TRUE,BSV US EQUITY
3188 HK EQUITY,HK,TRUE,EQUITY,ETF,SPOT,OHLCV,TRUE,TRUE,3188 HK EQUITY
SQQQ  US EQUITY,US,TRUE,EQUITY,ETF,SPOT,OHLCV,TRUE,TRUE,SQQQ  US EQUITY
SREITS SP EQUITY,SG,TRUE,EQUITY,ETF,SPOT,OHLCV,TRUE,TRUE,SREITS SP EQUITY
LVS US EQUITY,US,FALSE,EQUITY,ETF,SPOT,OHLCV,TRUE,TRUE,LVS US EQUITY
CNH L080 CURNCY,AEJ::AEJ,TRUE,MACRO,FXOUTRIGHT,SPOT,OHLC,FALSE,TRUE,USDCNH CURNCY
CNH L160 CURCNY,AEJ::AEJ,TRUE,MACRO,FXOUTRIGHT,SPOT,OHLC,FALSE,TRUE,USDCNH CURNCY
CNH F100 CURNCY,AEJ::AEJ,TRUE,MACRO,FXOUTRIGHT,SPOT,OHLC,FALSE,TRUE,USDCNH CURNCY
CNH T130 CURNCY,AEJ::AEJ,TRUE,MACRO,FXOUTRIGHT,SPOT,OHLC,FALSE,TRUE,USDCNH CURNCY
SGD L080 CURNCY,AEJ::AEJ,TRUE,MACRO,FXOUTRIGHT,SPOT,OHLC,FALSE,TRUE,USDSGD CURNCY
SGD L160 CURCNY,AEJ::AEJ,TRUE,MACRO,FXOUTRIGHT,SPOT,OHLC,FALSE,TRUE,USDSGD CURNCY
SGD F100 CURNCY,AEJ::AEJ,TRUE,MACRO,FXOUTRIGHT,SPOT,OHLC,FALSE,TRUE,USDSGD CURNCY
SGD T130 CURNCY,AEJ::AEJ,TRUE,MACRO,FXOUTRIGHT,SPOT,OHLC,FALSE,TRUE,USDSGD CURNCY
HKD L080 CURNCY,AEJ::AEJ,TRUE,MACRO,FXOUTRIGHT,SPOT,OHLC,FALSE,TRUE,USDHKD CURNCY
HKD L160 CURCNY,AEJ::AEJ,TRUE,MACRO,FXOUTRIGHT,SPOT,OHLC,FALSE,TRUE,USDHKD CURNCY
HKD F100 CURNCY,AEJ::AEJ,TRUE,MACRO,FXOUTRIGHT,SPOT,OHLC,FALSE,TRUE,USDHKD CURNCY
HKD T130 CURNCY,AEJ::AEJ,TRUE,MACRO,FXOUTRIGHT,SPOT,OHLC,FALSE,TRUE,USDHKD CURNCY
SGD L080 CURNCY,AEJ::AEJ,TRUE,MACRO,FXOUTRIGHT,SPOT,OHLC,FALSE,TRUE,USDSGD CURNCY
SGD L160 CURCNY,AEJ::AEJ,TRUE,MACRO,FXOUTRIGHT,SPOT,OHLC,FALSE,TRUE,USDSGD CURNCY
SGD F100 CURNCY,AEJ::AEJ,TRUE,MACRO,FXOUTRIGHT,SPOT,OHLC,FALSE,TRUE,USDSGD CURNCY
SGD T130 CURNCY,AEJ::AEJ,TRUE,MACRO,FXOUTRIGHT,SPOT,OHLC,FALSE,TRUE,USDSGD CURNCY
EUR L080 CURNCY,G10::G10,TRUE,MACRO,FXOUTRIGHT,SPOT,OHLC,FALSE,TRUE,USDEUR CURNCY
EUR L160 CURCNY,G10::G10,TRUE,MACRO,FXOUTRIGHT,SPOT,OHLC,FALSE,TRUE,USDEUR CURNCY
EUR F100 CURNCY,G10::G10,TRUE,MACRO,FXOUTRIGHT,SPOT,OHLC,FALSE,TRUE,USDEUR CURNCY
EUR T130 CURNCY,G10::G10,TRUE,MACRO,FXOUTRIGHT,SPOT,OHLC,FALSE,TRUE,USDEUR CURNCY
JPY L080 CURNCY,G10::G10,TRUE,MACRO,FXOUTRIGHT,SPOT,OHLC,FALSE,TRUE,USDJPY CURNCY
JPY L160 CURCNY,G10::G10,TRUE,MACRO,FXOUTRIGHT,SPOT,OHLC,FALSE,TRUE,USDJPY CURNCY
JPY F100 CURNCY,G10::G10,TRUE,MACRO,FXOUTRIGHT,SPOT,OHLC,FALSE,TRUE,USDJPY CURNCY
JPY T130 CURNCY,G10::G10,TRUE,MACRO,FXOUTRIGHT,SPOT,OHLC,FALSE,TRUE,USDJPY CURNCY
AUD L080 CURNCY,G10::G10,TRUE,MACRO,FXOUTRIGHT,SPOT,OHLC,FALSE,TRUE,AUDUSD CURNCY
AUD L160 CURCNY,G10::G10,TRUE,MACRO,FXOUTRIGHT,SPOT,OHLC,FALSE,TRUE,AUDUSD CURNCY
AUD F100 CURNCY,G10::G10,TRUE,MACRO,FXOUTRIGHT,SPOT,OHLC,FALSE,TRUE,AUDUSD CURNCY
AUD T130 CURNCY,G10::G10,TRUE,MACRO,FXOUTRIGHT,SPOT,OHLC,FALSE,TRUE,AUDUSD CURNCY
NZD L080 CURNCY,G10::G10,TRUE,MACRO,FXOUTRIGHT,SPOT,OHLC,FALSE,TRUE,NZDUSD CURNCY
NZD L160 CURCNY,G10::G10,TRUE,MACRO,FXOUTRIGHT,SPOT,OHLC,FALSE,TRUE,NZDUSD CURNCY
NZD F100 CURNCY,G10::G10,TRUE,MACRO,FXOUTRIGHT,SPOT,OHLC,FALSE,TRUE,NZDUSD CURNCY
NZD T130 CURNCY,G10::G10,TRUE,MACRO,FXOUTRIGHT,SPOT,OHLC,FALSE,TRUE,NZDUSD CURNCY
CAD L080 CURNCY,G10::G10,TRUE,MACRO,FXOUTRIGHT,SPOT,OHLC,FALSE,TRUE,USDCAD CURNCY
CAD L160 CURCNY,G10::G10,TRUE,MACRO,FXOUTRIGHT,SPOT,OHLC,FALSE,TRUE,USDCAD CURNCY
CAD F100 CURNCY,G10::G10,TRUE,MACRO,FXOUTRIGHT,SPOT,OHLC,FALSE,TRUE,USDCAD CURNCY
CAD T130 CURNCY,G10::G10,TRUE,MACRO,FXOUTRIGHT,SPOT,OHLC,FALSE,TRUE,USDCAD CURNCY
CHF L080 CURNCY,G10::G10,TRUE,MACRO,FXOUTRIGHT,SPOT,OHLC,FALSE,TRUE,USDCHF CURNCY
CHF L160 CURCNY,G10::G10,TRUE,MACRO,FXOUTRIGHT,SPOT,OHLC,FALSE,TRUE,USDCHF CURNCY
CHF F100 CURNCY,G10::G10,TRUE,MACRO,FXOUTRIGHT,SPOT,OHLC,FALSE,TRUE,USDCHF CURNCY
CHF T130 CURNCY,G10::G10,TRUE,MACRO,FXOUTRIGHT,SPOT,OHLC,FALSE,TRUE,USDCHF CURNCY
NOK L080 CURNCY,G10::G10,TRUE,MACRO,FXOUTRIGHT,SPOT,OHLC,FALSE,TRUE,USDNOK CURNCY
NOK L160 CURCNY,G10::G10,TRUE,MACRO,FXOUTRIGHT,SPOT,OHLC,FALSE,TRUE,USDNOK CURNCY
NOK F100 CURNCY,G10::G10,TRUE,MACRO,FXOUTRIGHT,SPOT,OHLC,FALSE,TRUE,USDNOK CURNCY
NOK T130 CURNCY,G10::G10,TRUE,MACRO,FXOUTRIGHT,SPOT,OHLC,FALSE,TRUE,USDNOK CURNCY
SEK L080 CURNCY,G10::G10,TRUE,MACRO,FXOUTRIGHT,SPOT,OHLC,FALSE,TRUE,USDSEK CURNCY
SEK L160 CURCNY,G10::G10,TRUE,MACRO,FXOUTRIGHT,SPOT,OHLC,FALSE,TRUE,USDSEK CURNCY
SEK F100 CURNCY,G10::G10,TRUE,MACRO,FXOUTRIGHT,SPOT,OHLC,FALSE,TRUE,USDSEK CURNCY
SEK T130 CURNCY,G10::G10,TRUE,MACRO,FXOUTRIGHT,SPOT,OHLC,FALSE,TRUE,USDSEK CURNCY
DKK L080 CURNCY,G10::G10,TRUE,MACRO,FXOUTRIGHT,SPOT,OHLC,FALSE,TRUE,USDDKK CURNCY
DKK L160 CURCNY,G10::G10,TRUE,MACRO,FXOUTRIGHT,SPOT,OHLC,FALSE,TRUE,USDDKK CURNCY
DKK F100 CURNCY,G10::G10,TRUE,MACRO,FXOUTRIGHT,SPOT,OHLC,FALSE,TRUE,USDDKK CURNCY
DKK T130 CURNCY,G10::G10,TRUE,MACRO,FXOUTRIGHT,SPOT,OHLC,FALSE,TRUE,USDDKK CURNCY
GBP L080 CURNCY,G10::G10,TRUE,MACRO,FXOUTRIGHT,SPOT,OHLC,FALSE,TRUE,GBPUSD CURNCY
GBP L160 CURCNY,G10::G10,TRUE,MACRO,FXOUTRIGHT,SPOT,OHLC,FALSE,TRUE,GBPUSD CURNCY
GBP F100 CURNCY,G10::G10,TRUE,MACRO,FXOUTRIGHT,SPOT,OHLC,FALSE,TRUE,GBPUSD CURNCY
GBP T130 CURNCY,G10::G10,TRUE,MACRO,FXOUTRIGHT,SPOT,OHLC,FALSE,TRUE,GBPUSD CURNCY
NZD L080 CURNCY,G10::G10,TRUE,MACRO,FXOUTRIGHT,SPOT,OHLC,FALSE,TRUE,NZDUSD CURNCY
NZD L160 CURCNY,G10::G10,TRUE,MACRO,FXOUTRIGHT,SPOT,OHLC,FALSE,TRUE,NZDUSD CURNCY
NZD F100 CURNCY,G10::G10,TRUE,MACRO,FXOUTRIGHT,SPOT,OHLC,FALSE,TRUE,NZDUSD CURNCY
NZD T130 CURNCY,G10::G10,TRUE,MACRO,FXOUTRIGHT,SPOT,OHLC,FALSE,TRUE,NZDUSD CURNCY
USDSEK CURNCY,G10::G10,TRUE,MACRO,FXOUTRIGHT,SPOT,OHLC,FALSE,TRUE,USDSEK CURNCY
USDDKK CURNCY,G10::G10,TRUE,MACRO,FXOUTRIGHT,SPOT,OHLC,FALSE,TRUE,USDDKK CURNCY
USDNOK CURNCY,G10::G10,TRUE,MACRO,FXOUTRIGHT,SPOT,OHLC,FALSE,TRUE,USDNOK CURNCY
